item,amount,currency,notes,source_url,date_checked
sat_registration,68,USD,Base SAT registration fee (weekend/international testing); does not include international surcharge,https://satsuite.collegeboard.org/sat/registration/international-testing/fees,2026-09-28
sat_international_fee,43,USD,Non-US surcharge added on top of the $68 base fee; total for international students = $111,https://satsuite.collegeboard.org/sat/registration/international-testing/fees,2026-09-28
toefl_ibt_brazil,245,USD,TOEFL iBT registration fee for Brazil; ETS fee page requires interactive dropdown — amount confirmed by linguapractice.com (auto-synced from ETS price list; last confirmed 2026-09-28) and givemesomeenglish.com (updated 2026-02-22); an alternate source (gabble.ai) reports $235 — use with caution until verified directly at ets.org,https://www.ets.org/toefl/test-takers/ibt/register/fees.html,2026-09-28
ielts_brazil,1430,BRL,IELTS Academic (computer-based) fee at IDP test centres in Brazil; São Paulo (IDP): BRL 1460; Rio de Janeiro (IDP): BRL 1430; Brasília: BRL 1505; Recife/Maringá: BRL 1360; Curitiba: BRL 1570; BH: BRL 1430. Amount recorded = lowest common city price (Rio/BH). Verify current city-specific fee before use.,https://ielts.idp.com/brazil/test-dates/riodejaneiro,2026-09-28
duolingo_english_test,70,USD,Duolingo English Test standard fee; confirmed $70 USD as of September 2026,https://englishtest.duolingo.com/applicants,2026-09-28
wes_course_by_course,186,USD,WES Course-by-Course evaluation — Basic package. ICAP package (includes transcript storage) is $239. Delivery fee not included: standard $14; international courier $86. Price effective 2026 (3% inflation increase from Jan 1 2026).,https://www.wes.org/evaluations-and-fees/education/graduate-admissions/,2026-09-28
ece_course_by_course,199,USD,ECE Course-by-Course evaluation standard fee (most popular report ~60% of customers). Enhanced package with ECE Insignia (digital badge + certificate) is $244. Pricing as of 2/15/26.,https://www.ece.org/ECE/Credential-Evaluations/US-Institutions/Services-and-Fees,2026-09-28
sworn_translation_br_sp,76.84,BRL,Per-lauda (up to 1000 characters excluding spaces) sworn translation (tradução juramentada) fee for common text in São Paulo. Special/technical text: R$ 107.58/lauda. These are ATPIESP suggested reference values for 2026 aligned with JUCESP Portaria nº 146 (Dec 19 2025 / effective Jan 1 2026; UFESP = R$ 38.42). JUCESP Deliberação nº 05/2011 defines 1 lauda = 1000 chars (no spaces) or 25 lines. Versão (PT→foreign): comum R$ 95.29; especial R$ 132.16.,https://atpiesp.org.br/tabela-de-valores/,2026-09-28
sworn_translation_br_al,,BRL,JUCEAL (Alagoas) sworn translation fee per lauda. JUCEAL issued Resolução Plenária nº 30 (Nov 27 2025) approving 2026 price table (Annex I) — effective 30 days after publication. Annex I content was not accessible online at time of research. Contact JUCEAL directly: juceal.al.gov.br. Note: Alagoas reportedly has very few sworn translators and may require using translators from other states.,https://www.legisweb.com.br/legislacao/?id=486990,2026-09-28
sevis_i901_f1,350,USD,SEVIS I-901 fee for F/M visa applicants (full payment); mandated by Congress; paid at fmjfee.com before visa interview. J-1 fee is $220.,https://www.ice.gov/sevis/i901,2026-09-28
mrv_fee_f1,185,USD,MRV (Machine Readable Visa) nonimmigrant visa application fee for F-1/F-2/M-1/M-2 academic student visas; non-refundable and non-transferable; valid 1 year for scheduling interview. Confirmed as of December 2025 fee schedule.,https://ais.usvisa-info.com/en-br/niv/information/fee,2026-09-28
brazil_reciprocity_f1,0,USD,US visa issuance reciprocity fee for Brazilian F-1 student visa applicants. No additional reciprocity fee applies for F-category visas issued to Brazilian nationals beyond the MRV fee. Verify at travel.state.gov reciprocity table for Brazil (page returned 403 during research).,https://travel.state.gov/content/travel/en/us-visas/Visa-Reciprocity-and-Civil-Documents-by-Country/Brazil.html,2026-09-28
