unitid,app_fee,app_fee_waiver,rd_deadline,transfer_applicants,transfer_admitted,transfer_enrolled,cds_year,source_url
109651,50,Yes,,288,226,98,2024-25,https://www.artcenter.edu/academics/academic-resources/academic-affairs.html
143084,,,Aug 20,264,192,73,2025-26,https://www.augustana.edu/about/institutional-research/common-data-set
164580,,,,,,,2025-26,https://www.babson.edu/media/babson/site-assets/content-assets/about/institutional-research/common-data-sets/
189097,75,,,1253,252,147,2024-25,https://barnard.edu/institutional-research/common-data-set
164924,,Yes,Jan 2,1480,410,181,2024-25,https://www.bc.edu/content/bc-web/offices/institutional-research/common-data-set.html
164739,75,Yes,Jan 15,404,191,65,2023-24,https://www.bentley.edu/offices/institutional-research/common-data-set
164748,150,Yes,Jan 15,949,594,326,2025-26,https://www.berklee.edu/institutional-research/common-data-set
165015,80,Yes,Jan 15,640,243,52,2025-26,https://www.brandeis.edu/oir/data-facts/common-data-set.html
164988,,,,,,,2025,https://www.bu.edu/oir/data/common-data-set/
230038,35,Yes,Dec 16,2229,1394,1187,2025-26,https://ir.byu.edu/cds/
169080,35,Yes,Aug 15,332,166,67,2025-26,https://calvin.edu/offices-services/institutional-research/common-data-set/
201645,75,Yes,Jan 15,661,173,51,2025-26,https://case.edu/registrar/faculty-staff/institutional-research/common-data-set
144740,,,,,,,2025-26,https://www.depaul.edu/about/fast-facts-and-rankings/common-data-set/
150400,,,,,,,2024-25,https://www.depauw.edu/offices/institutional-research/common-data-set/
212054,65,Yes,Jan 15,2596,1511,499,2025-26,https://drexel.edu/oir/data-summaries/common-data-set/
139658,75,Yes,Jan 1,2399,544,173,2025-26,https://provost.emory.edu/data/common-data-set/
133553,,,,,,,2023-24,https://erau.edu/about/institutional-research/common-data-set
131496,,,,,,,2025-26,https://irp.georgetown.edu/common-data-set/
131469,,,,,,,2025-26,https://irp.gwu.edu/common-data-set
131520,,,,,,,2024-25,https://howard.edu/institutional-research/common-data-set
162928,,,,,,,2025-26,https://oir.jhu.edu/common-data-set/
117946,75,Yes,Jan 15,3283,1572,444,2024-25,https://ir.lmu.edu/common-data-set/
166939,,,,,,,2024-25,https://www.mtholyoke.edu/ir/common-data-set
135726,,,,,,,2025-26,https://umia.miami.edu/data-reports/common-data-set/index.html
152080,,,,,,,2024-25,https://nd.edu/about/facts/common-data-set/
167358,75,,Jan 1,3420,675,288,2024-25,https://www.northeastern.edu/institutional-research/common-data-set/
147767,75,Yes,Jan 1,4562,498,249,2025-26,https://www.northwestern.edu/institutional-research/data-facts/common-data-set.html
193900,100,Yes,Jan 5,10681,4128,1549,2025-26,https://www.nyu.edu/about/news-publications/publications/common-data-set.html
227757,75,Yes,Jan 4,1675,125,74,2025-26,https://oir.rice.edu/common-data-set
195003,,,,,,,2024-25,https://www.rit.edu/academicaffairs/institutionalresearch/common-data-set
195030,50,Yes,Jan 5,809,306,63,2025-26,https://www.rochester.edu/ir/common-data-set.html
122931,75,,Jan 7,1206,780,247,2025-26,https://www.scu.edu/provost/institutional-research/common-data-set/
196413,,,,,,,2025-26,https://oir.syr.edu/publications/common-data-set/
228875,50,Yes,Feb 1,826,670,360,2024-25,https://ir.tcu.edu/common-data-set/
168148,75,,Jan 6,1631,178,53,2025-26,https://provost.tufts.edu/institutional-research/common-data-set/
144050,90,Yes,,3231,380,311,2025-26,https://registrar.uchicago.edu/data-statistics/common-data-set/
123961,85,Yes,Jan 10,10827,2929,1544,2025-26,https://oir.usc.edu/common-data-set/
122612,70,Yes,Jan 15,1956,1077,274,2024-25,https://www.usf.edu/institutional-effectiveness/common-data-set/
221999,50,Yes,Jan 1,3202,698,359,2024-25,https://registrar.vanderbilt.edu/institutional-research/common-data-set.php
179867,75,Yes,Jan 4,1603,244,84,2025-26,https://oue.wustl.edu/data/common-data-set/
