unitid,offers_intl_aid,meets_full_need_intl,need_blind_intl,pct_intl_aided,avg_intl_award,cds_total_cost,cds_year,source_url,intl_aid_page_url,quality
166027,True,True,True,0.7884,83013.0,82866.0,2025-26,https://oira.harvard.edu/files/2026/07/CDS_2025-2026.pdf,https://college.harvard.edu/financial-aid,ok
130794,True,True,True,0.6501,84185.0,94100.0,2025-26,https://oir.yale.edu/sites/default/files/yale_cds_2025-26_md_20260616.pdf,https://admissions.yale.edu/international,ok
186131,True,True,True,0.7876,86736.0,90574.0,2024-25,https://ir.princeton.edu/sites/g/files/toruqf2041/files/documents/CDS_2526_Princeton_v2.pdf,https://admission.princeton.edu/cost-aid,ok
190150,True,True,False,0.2109,92699.0,96610.0,2025-26,https://opir.columbia.edu/sites/opir.columbia.edu/files/content/Common%20Data%20Set/2025-26_Columbia_College_and_Columbia_Enginnering_CDS.pdf,https://undergrad.admissions.columbia.edu/apply/international/aid,ok
215062,True,True,False,,,,,https://admissions.upenn.edu/affording-penn/international-aid,https://admissions.upenn.edu/affording-penn/international-aid,ok
217156,True,True,True,,,,,https://admission.brown.edu/financial-aid,https://admission.brown.edu/financial-aid,ok
182670,True,True,True,0.7454,87562.0,92445.0,2025-26,https://www.dartmouth.edu/oir/pdfs/cds_2025-26.pdf,https://financialaid.dartmouth.edu/apply-aid/international-students,ok
185828,True,,,,,,,,https://www.njit.edu/financialaid/international,ok
186380,True,,,,,,,,https://admissions.rutgers.edu/costs-and-aid/scholarships,ok
187134,False,,,,,,,,https://financialaid.tcnj.edu/sources-of-financial-aid/financial-assistance-for-international-students/,ok
190415,True,,False,,,,,,https://finaid.cornell.edu/,ok
197708,True,,,,,,,,https://apply.yu.edu/aid,ok
198419,True,True,False,0.3003,87841.0,96597.0,2025-26,https://ir.provost.duke.edu/sites/default/files/CDS-2025-26-Duke-University-Final-to-be-published.pdf,https://financialaid.duke.edu/current-undergraduates/international-students,ok
243744,True,True,False,,,,,https://financialaid.stanford.edu/undergrad/how/international.html,https://financialaid.stanford.edu/undergrad/how/international.html,ok
166683,True,True,True,0.777,81991.0,89334.0,2025-26,https://ir.mit.edu/projects/2025-26-common-data-set/,https://sfs.mit.edu/undergraduate-students/apply-for-aid/international/,ok
164465,True,True,True,,,,,https://www.amherst.edu/offices/financialaid/international_students,https://www.amherst.edu/offices/financialaid/international_students,ok
168342,True,True,False,,,,,https://www.williams.edu/admission-aid/financial-aid/international/,https://www.williams.edu/admission-aid/financial-aid/international/,ok
165936,True,,,,,,,,https://www.gordon.edu/internationalfinancialaid,ok
153250,True,False,False,,,,,https://www.dordt.edu/admissions-and-aid/financial-aid,https://www.dordt.edu/admissions-and-aid/financial-aid,ok
152530,,,,,,,,,,ok
230603,True,,,,,,,,https://my.suu.edu/scholarships/public/1903/,ok
146481,True,False,False,,,,,https://www.lakeforest.edu/admissions/financial-aid/financial-aid-for-international-students,https://www.lakeforest.edu/admissions/financial-aid/financial-aid-for-international-students,ok
121150,False,,,,,,,,https://www.pepperdine.edu/international-students/future-students/cost-of-attendance.htm,ok
211440,False,,,,,87670.0,2025-26,https://www.cmu.edu/ira/CDS/pdf/cds_2025_26/cds_2025_full_pdf.pdf,https://www.cmu.edu/sfs/financial-aid/international/index.html,ok
