unit_id,school_name,intl_admissions_url,office_email,office_phone,date_checked
154925,Coffeyville CC,https://www.coffeyville.edu/student-services/international-students-admission,admissions@coffeyville.edu,,2026-09-26
154952,Cowley CC,https://cowley.edu/getting-started/how-to-apply/international/index.html,admissions@cowley.edu,800-593-2222,2026-09-26
154059,NIACC,https://www.niacc.edu/admissions/international-students/,admissions@niacc.edu,641-422-4245,2026-09-26
229832,Western Texas CC,https://www.wtc.edu/page/internationalstudents,,325-574-7650,2026-09-26
210155,SWOCC,https://www.socc.edu/get-started/admissions/isp/,isp@socc.edu,541-888-7185,2026-09-26
107743,UA Rich Mountain,https://www.uarichmountain.edu/admissions/index.html,,,2026-09-26
155104,Garden City CC,https://www.gcccks.edu/admissions/student_type/international_student.aspx,admission@gcccks.edu,620-276-9662,2026-09-26
155858,Seward County CC,https://sccc.edu/admissions-and-aid/admissions/apply/international-students/,admissions@sccc.edu,,2026-09-26
154378,Southeastern CC Iowa,https://www.scciowa.edu/start/admissions/international.aspx,international@scciowa.edu,319-208-5000,2026-09-26
154642,Allen CC,https://www.allencc.edu/prospective-students/international,,,2026-09-26
155566,Neosho County CC,https://www.neosho.edu/Prospective-Students/International-Students,Internationalstudent@neosho.edu,,2026-09-26
130989,Goldey-Beacom College,https://www.gbc.edu/admissions-aid/international-admissions/,,,2026-09-26
149505,Trinity Christian College,https://www.trnty.edu/admissions-financial-aid/international-student/,,,2026-09-26
174783,Saint Cloud State University,https://www.stcloudstate.edu/internationalstudents/,international@stcloudstate.edu,320-308-4287,2026-09-26
169479,Davenport University,https://www.davenport.edu/international,international@davenport.edu,800-686-1600,2026-09-26
178721,Park University,https://www.park.edu/admissions/international-student-admissions/,international@park.edu,816-584-6820,2026-09-26
149772,Western Illinois University,https://www.wiu.edu/global_studies/scholarships.php,International-Ed@wiu.edu,309-298-1806,2026-09-26
237932,West Liberty University,https://westliberty.edu/admissions/international-students/,admissions@westliberty.edu,304-336-8076,2026-09-26
490805,Purdue University Northwest,https://www.pnw.edu/admissions/international-admissions/,admissions@pnw.edu,,2026-09-26
199847,Wake Forest University,https://admissions.wfu.edu/become-a-deacon/international/,,336-758-5201,2026-09-26
199120,UNC Chapel Hill,https://admissions.unc.edu/apply/international-students/,,,2026-09-26
216597,Villanova University,https://www.villanova.edu/university/undergraduate-admission/international-prospective-students.html,gotovu@villanova.edu,610-519-4000,2026-09-26
213543,Lehigh University,https://www2.lehigh.edu/admissions/international-students,luinternational@lehigh.edu,610-758-3100,2026-09-26
234076,University of Virginia,https://admission.virginia.edu/i-am/international,undergradadmission@virginia.edu,434-982-3200,2026-09-26
170976,University of Michigan,https://admissions.umich.edu/apply/international-applicants,admissions@umich.edu,734-764-7433,2026-09-26
164924,Boston College,https://www.bc.edu/bc-web/admission/apply/international.html,admission@bc.edu,617-552-3100,2026-09-26
211291,Bucknell University,https://www.bucknell.edu/admissions-aid/undergraduate-admissions/apply-undergraduate/international,admissions@bucknell.edu,,2026-09-26
122931,Santa Clara University,https://www.scu.edu/admission/undergraduate/international-students/,ugradintl@scu.edu,408-554-4700,2026-09-26
228246,Southern Methodist University,https://www.smu.edu/admission/apply/international,ugadmission@smu.edu,214-768-2058,2026-09-26
156082,Washburn University,https://www.washburn.edu/academics/international-programs/international-students/index.html,international@washburn.edu,785-670-1051,2026-09-26
175616,Delta State University,https://www.deltastate.edu/admissions/international/,admissions@deltastate.edu,662-846-4020,2026-09-26
220701,University of Tennessee Southern,https://utsouthern.edu/admissions/international-students/,admissions@utsouthern.edu,,2026-09-26
181853,York University NE,https://www.york.edu/admissions/international.php,enroll@york.edu,402-363-5627,2026-09-26
242617,Inter American University PR,https://www.inter.edu/en/admissions-2/,,,2026-09-26
176479,William Carey University,https://www.wmcarey.edu/admissions/international/,InternationalAdmissions@wmcarey.edu,601-318-6104,2026-09-26
179955,William Jewell College,https://jewell.edu/join/international-applicants,,816-415-7511,2026-09-26
220473,Johnson University,https://johnsonu.edu/admissions/international-students/,,865-251-3479,2026-09-26
