unit_id,school_name,priority_group,status,attempted_date,notes
121150,Pepperdine University,1,policy_only,2026-09-27,
146481,Lake Forest College,1,policy_only,2026-09-27,
153250,Dordt University,1,policy_only,2026-09-27,
164465,Amherst College,1,policy_only,2026-09-27,
165936,Gordon College,1,policy_only,2026-09-27,
168342,Williams College,1,policy_only,2026-09-27,
182670,Dartmouth College,1,filled,2026-09-27,
185828,New Jersey Institute of Technology,1,policy_only,2026-09-27,
186380,Rutgers University-New Brunswick,1,policy_only,2026-09-27,
187134,The College of New Jersey,1,policy_only,2026-09-27,
190150,Columbia University in the City of New York,1,filled,2026-09-27,
190415,Cornell University,1,policy_only,2026-09-27,
197708,Yeshiva University,1,policy_only,2026-09-27,
198419,Duke University,1,filled,2026-09-27,
215062,University of Pennsylvania,1,policy_only,2026-09-27,
217156,Brown University,1,policy_only,2026-09-27,
230603,Southern Utah University,1,policy_only,2026-09-27,
243744,Stanford University,1,policy_only,2026-09-27,
193900,New York University,2,filled,2026-09-27,
164988,Boston University,2,filled,2026-09-27,
123961,University of Southern California,2,filled,2026-09-27,
164748,Berklee College of Music,2,filled,2026-09-27,
167358,Northeastern University,2,filled,2026-09-27,
193654,The New School,2,policy_only,2026-09-27,
140951,Savannah College of Art and Design,2,policy_only,2026-09-27,
230047,Brigham Young University-Hawaii,2,policy_only,2026-09-27,
195030,University of Rochester,2,filled,2026-09-27,
196413,Syracuse University,2,policy_only,2026-09-27,
211440,Carnegie Mellon University,2,policy_only,2026-09-27,
144050,University of Chicago,2,filled,2026-09-27,
212054,Drexel University,2,filled,2026-09-27,
139658,Emory University,2,filled,2026-09-27,
147767,Northwestern University,2,filled,2026-09-27,
194578,Pratt Institute-Main,2,filled,2026-09-27,
131496,Georgetown University,2,policy_only,2026-09-27,
135726,University of Miami,2,policy_only,2026-09-27,
230038,Brigham Young University,2,filled,2026-09-27,
109651,Art Center College of Design,2,policy_only,2026-09-27,
168148,Tufts University,2,filled,2026-09-27,
162928,Johns Hopkins University,2,policy_only,2026-09-27,
183026,Southern New Hampshire University,2,not_found,2026-09-27,
221999,Vanderbilt University,2,filled,2026-09-27,
131469,George Washington University,2,policy_only,2026-09-27,
191241,Fordham University,2,policy_only,2026-09-27,
143048,School of the Art Institute of Chicago,2,not_found,2026-09-27,
133553,Embry-Riddle Aeronautical University-Daytona Beach,2,filled,2026-09-27,
164580,Babson College,2,policy_only,2026-09-27,
201645,Case Western Reserve University,2,filled,2026-09-27,
179867,Washington University in St Louis,2,filled,2026-09-27,
165015,Brandeis University,2,filled,2026-09-27,
217493,Rhode Island School of Design,2,not_found,2026-09-27,
104717,Grand Canyon University,2,not_found,2026-09-27,
193973,Niagara University,2,not_found,2026-09-27,
117946,Loyola Marymount University,2,filled,2026-09-27,
164924,Boston College,2,filled,2026-09-27,
164739,Bentley University,2,filled,2026-09-27,
207582,Oral Roberts University,2,not_found,2026-09-27,
227757,Rice University,2,filled,2026-09-27,
152080,University of Notre Dame,2,policy_only,2026-09-27,
165662,Emerson College,2,policy_only,2026-09-28,"CDS behind SSO; merit scholarships only, no need-based"
144740,DePaul University,2,policy_only,2026-09-28,H6 blank in CDS; institutional scholarships confirmed
136215,Nova Southeastern University,2,policy_only,2026-09-28,CDS not found; international scholarships confirmed
168005,Suffolk University,2,policy_only,2026-09-28,CDS not found; merit scholarships up to 50% tuition
189097,Barnard College,2,filled,2026-09-28,"H6 38/508, avg $78,902, G1 $95,724"
426314,Embry-Riddle Aeronautical University-Worldwide,2,not_found,2026-09-28,Fully online campus; no standard residential CDS
195003,Rochester Institute of Technology,2,policy_only,2026-09-28,H6 blank in CDS; merit scholarships confirmed
143084,Augustana College,2,filled,2026-09-28,"H6 506/506, avg $39,902, G1 $66,208"
228875,Texas Christian University,2,filled,2026-09-28,"H6 422/493, avg $52,776, G1 $81,610"
164368,Hult International Business School,2,not_found,2026-09-28,No CDS accessible; specialized international school
122931,Santa Clara University,2,filled,2026-09-28,"H6 57/473, avg $55,941, G1 $86,970"
137847,The University of Tampa,2,policy_only,2026-09-28,CDS not found; partial merit scholarships confirmed
122612,University of San Francisco,2,filled,2026-09-28,"H6 371/483, avg $26,650, G1 $80,802"
169080,Calvin University,2,filled,2026-09-28,"H6 478/488, avg $29,234, G1 $55,200"
194310,Pace University,2,policy_only,2026-09-28,CDS PDF blocked; merit scholarships confirmed
131520,Howard University,2,policy_only,2026-09-28,H6 blank in CDS; institutional aid via ISFAA confirmed
150400,DePauw University,2,policy_only,2026-09-28,H6 blank in CDS; merit + limited need-based confirmed
212601,Gannon University,2,policy_only,2026-09-28,CDS not found; international award confirmed
166939,Mount Holyoke College,2,filled,2026-09-28,"H6 257/417, avg $53,460, G1 $93,046"
132657,Lynn University,2,policy_only,2026-09-28,CDS download blocked; merit scholarships $16k-$28k confirmed
133881,Florida Institute of Technology,2,policy_only,2026-09-30,CDS PDF inaccessible (HTML returned); merit scholarships confirmed
202523,Denison University,2,filled,2026-09-30,H6 358/382 aided; avg $55k; G1 92400; CDS 2025-26
232557,Liberty University,2,policy_only,2026-09-30,Institutional aid offered per eligibility form; no CDS H6 extracted
178369,Missouri Valley College,2,policy_only,2026-09-30,Institutional scholarships confirmed; CDS not located
194824,Rensselaer Polytechnic Institute,2,policy_only,2026-09-30,Merit up to $25k; CDS on Box cloud — not downloadable
179894,Webster University,2,policy_only,2026-09-30,Merit $12k-$20k auto-awarded; CDS not located
223232,Baylor University,2,filled,2026-09-30,H6 340/406 aided; avg $36k; G1 84978; CDS 2025-26
213543,Lehigh University,2,policy_only,2026-09-30,H6 blank in CDS 2024-25 and 2025-26 PDFs
131159,American University,2,policy_only,2026-09-30,H6 blank in CDS; merit-only $8k-$25k confirmed
160755,Tulane University of Louisiana,2,policy_only,2026-09-30,CDS on Box cloud — not downloadable; need-based + merit confirmed
145725,Illinois Institute of Technology,2,filled,2026-09-30,H6 392/414 aided; avg $25k; CDS 2023-24; no G1 published
137032,Saint Leo University,2,policy_only,2026-09-30,$3k/yr Global Citizen Award; CDS not extracted
153384,Grinnell College,2,filled,2026-09-30,H6 243/363 aided; avg $57k; G1 89247; CDS 2024-25; B2 snippet
122436,University of San Diego,2,filled,2026-09-30,H6 63/337 aided; avg $19k; G1 84399; CDS 2025-26; all snippet fallback
179159,Saint Louis University,2,policy_only,2026-09-30,Merit auto-awarded; CDS not publicly accessible
183910,Caldwell University,2,policy_only,2026-09-30,Merit $20k-$27k; CDS not extracted
168421,Worcester Polytechnic Institute,2,filled,2026-09-30,H6 325/338 aided; avg $27k; G1 84690; CDS 2025-26
167835,Smith College,2,filled,2026-09-30,H6 164/349 aided; avg $83k; CDS 2024-25; B2 snippet; G1 not published
136774,Ringling College of Art and Design,2,policy_only,2026-09-30,Merit scholarships for internationals confirmed
189088,Bard College,2,policy_only,2026-09-30,Meets full demonstrated need; BISFAA required; CDS not extracted
230959,Middlebury College,2,filled,2026-09-30,H6 192/337 aided; avg $79k; G1 not published; CDS 2024-25; meets full need
195809,St. John's University-New York,2,policy_only,2026-09-30,Merit + need-based scholarships offered; CDS not publicly found
174844,St Olaf College,2,policy_only,2026-09-30,H6 blank in CDS 2025-26; limited institutional aid; G1=81200
137476,St. Thomas University,2,policy_only,2026-09-30,Merit scholarships $9k-$13k/yr by GPA; no need-based
233374,University of Richmond,2,filled,2026-09-30,H6 187/287 aided; avg $68k; G1 89540; CDS 2025-26; meets full need; need-aware
199847,Wake Forest University,2,policy_only,2026-09-30,H6 blank; merit-only for internationals; no need-based aid
110370,California College of the Arts,2,policy_only,2026-09-30,Merit scholarships $20k-$25k; no need-based for internationals
173902,Macalester College,2,policy_only,2026-09-30,H6 blank in CDS 2025-26; meets full need confirmed via policy page
184603,Fairleigh Dickinson University-Metropolitan Campus,2,policy_only,2026-09-30,Merit scholarships up to $24k/yr; no need-based
168218,Wellesley College,2,filled,2026-09-30,H6 avg $94k; total/avg=71 aided; B2=292; CDS 2025-26; meets full need; need-aware
212577,Franklin and Marshall College,2,filled,2026-09-30,H6 152/305 aided; avg $59k; G1 77220; CDS 2024-25; meets full need
130697,Wesleyan University,2,filled,2026-09-30,H6 84/311 aided; avg $83k; G1 86350; CDS 2022-23; need-blind; meets full need
146427,Knox College,2,filled,2026-09-30,H6 323/323 aided; avg $47k; G1 74757; CDS 2025-26; merit-only
132471,Barry University,2,policy_only,2026-09-30,Merit scholarships available; no need-based
130590,Trinity College,2,filled,2026-09-30,H6 245/295 aided; avg $66k; G1 93240; CDS 2024-25; meets full need
236595,Seattle University,2,policy_only,2026-09-30,Merit ≥$8k/yr auto-awarded; no need-based for internationals
194091,New York Institute of Technology,2,policy_only,2026-09-30,International Leadership Scholarship + merit awards; auto-considered
212674,Gettysburg College,2,filled,2026-09-30,H6 326 aided (B2=289 mismatch); avg $60k; G1 85640; CDS 2024-25; pct omitted
488679,Indiana Wesleyan University-National & Global,2,policy_only,2026-09-30,Min $10k gift aid for internationals; CSS Profile accepted
147536,National Louis University,2,policy_only,2026-09-30,10% tuition scholarship + Fresh Start rate; auto-awarded to intl students
199962,Wingate University,2,policy_only,2026-09-30,Merit $15k-$30.5k; additional need-based via form; no CDS found
228246,Southern Methodist University,2,filled,2026-09-30,
204501,Oberlin College,2,filled,2026-09-30,
212009,Dickinson College,2,policy_only,2026-09-30,
131113,Wilmington University,2,policy_only,2026-09-30,International Student Scholarship available; no CDS found
161086,Colby College,2,policy_only,2026-09-30,Meets 100% need; need-aware; no recent CDS PDF found
461795,North American University,2,policy_only,2026-09-30,Merit scholarships up to $22k; no CDS found
399911,Soka University of America,2,policy_only,2026-09-30,Need-based aid for internationals; Box PDF blocked
156365,Campbellsville University,2,policy_only,2026-09-30,Merit scholarships; no CDS found
177968,Lindenwood University,2,policy_only,2026-09-30,$40M institutional aid; no CDS accessible
104586,Embry-Riddle Aeronautical University-Prescott,2,policy_only,2026-09-30,Merit scholarships; CDS only to 2022-23 (too old)
235316,Gonzaga University,2,policy_only,2026-09-30,Merit $23.5k-$32k/yr; CDS blocked by Cloudflare
190099,Colgate University,2,policy_only,2026-09-30,
168740,Andrews University,2,policy_only,2026-09-30,$14k Andrews Partnership Scholarship; no CDS found
146719,Loyola University Chicago,2,filled,2026-09-30,
192448,Long Island University,2,policy_only,2026-09-30,Merit scholarships; no CDS found
206589,The College of Wooster,2,policy_only,2026-09-30,Meets 100% institutionally determined need; need-aware; CDS on SharePoint
110097,Biola University,2,policy_only,2026-09-30,Need-based grants $500-$2k; CDS on Google Sheets
174914,University of St Thomas,2,policy_only,2026-09-30,
151263,University of Indianapolis,2,policy_only,2026-09-30,Merit $12k-$20k; no need-based; CDS behind SSO
121345,Pomona College,2,policy_only,2026-09-30,Meets full need; need-aware; CDS on Tableau only
120403,Otis College of Art and Design,2,filled,2026-09-30,H6 207 aided; avg $16k; G1 78430; CDS 2024-25; pct_intl_aided omitted (>1)
163295,Maryland Institute College of Art,2,policy_only,2026-09-30,Need-based via CSS Profile + merit; no CDS found
188429,Adelphi University,2,policy_only,2026-09-30,Merit scholarships; CDS last available 2022-23 (too old)
120883,University of the Pacific,2,policy_only,2026-09-30,CDS 2025-26 H6=N/A; merit scholarships only for internationals
215655,Robert Morris University,2,policy_only,2026-09-30,Merit $11k-$28k; no CDS accessible
147679,North Park University,2,policy_only,2026-09-30,offers_intl_aid=TRUE intl grants + academic scholarships
111081,California Institute of the Arts,2,policy_only,2026-09-30,offers_intl_aid=TRUE merit scholarships + access grants
237057,Whitman College,2,filled,2026-09-30,H6 201/211 aided; avg $52k; G1 not published; CDS 2024-25; meets full need; need-aware
111948,Chapman University,2,filled,2026-09-30,H6 182/226 aided; avg $24k; G1 89294; CDS 2025-26
219000,Augustana University,2,filled,2026-09-30,"H6: 242/246 aided, avg=$27,797; G1=$53,522"
196866,Union College,2,policy_only,2026-09-30,garbled CDS PDF; offers_intl_aid=TRUE
173258,Carleton College,2,policy_only,2026-09-30,blank CDS PDF; offers_intl_aid=TRUE limited
221892,Trevecca Nazarene University,2,policy_only,2026-09-30,offers_intl_aid=TRUE scholarships to 99% of students
216287,Swarthmore College,2,policy_only,2026-09-30,blank CDS PDF; offers_intl_aid=TRUE from FA page
202480,University of Dayton,2,policy_only,2026-09-30,offers_intl_aid=TRUE merit scholarships up to $34k
221661,Southern Adventist University,2,policy_only,2026-09-30,offers_intl_aid=TRUE institutional scholarships
144281,Columbia College Chicago,2,filled,2026-09-30,"H6: 178/209 aided, avg=$10,942; G1=$56,856"
203535,Kenyon College,2,filled,2026-09-30,"H6: 160/212 aided, avg=$67,659; G1=$89,600"
232706,Marymount University,2,policy_only,2026-09-30,offers_intl_aid=TRUE merit scholarships up to $16k
107558,University of the Ozarks,2,policy_only,2026-09-30,offers_intl_aid=TRUE need-based grants via IFNA
191649,Hofstra University,2,policy_only,2026-09-30,CDS on Issuu; offers_intl_aid=TRUE merit scholarships
195216,St Lawrence University,2,policy_only,2026-09-30,CDS on SharePoint; offers_intl_aid=TRUE merit+need
136950,Rollins College,2,policy_only,2026-09-30,CDS on SharePoint; offers_intl_aid=TRUE need-based
112260,Claremont McKenna College,2,filled,2026-09-30,"H6: 53/186 aided, avg=$64,997; meets 100% need"
153834,Luther College,2,policy_only,2026-09-30,offers_intl_aid=TRUE; 100% intl received aid in 2025
137546,Stetson University,2,policy_only,2026-09-30,blank CDS PDF; offers_intl_aid=TRUE merit scholarships
232609,University of Lynchburg,2,policy_only,2026-09-30,offers_intl_aid=TRUE merit scholarships auto-awarded
198385,Davidson College,2,pending,,
195526,Skidmore College,2,pending,,
225575,Huston-Tillotson University,2,pending,,
178721,Park University,2,pending,,
152318,Rose-Hulman Institute of Technology,2,pending,,
213385,Lafayette College,2,pending,,
169716,University of Detroit Mercy,2,pending,,
195173,St. Francis College,2,pending,,
192712,Manhattan School of Music,2,pending,,
129941,University of New Haven,2,pending,,
147013,McKendree University,2,pending,,
211273,Bryn Mawr College,2,pending,,
227845,Saint Edward's University,2,pending,,
217165,Bryant University,2,pending,,
237312,University of Charleston,2,pending,,
211291,Bucknell University,2,pending,,
199209,North Carolina Wesleyan University,2,pending,,
160977,Bates College,2,pending,,
127060,University of Denver,2,pending,,
167057,The New England Conservatory of Music,2,pending,,
170675,Lawrence Technological University,2,pending,,
148487,Roosevelt University,2,pending,,
177065,Columbia College,2,pending,,
107044,Harding University,2,pending,,
212106,Duquesne University,2,pending,,
191515,Hamilton College,2,pending,,
217749,Bob Jones University,2,pending,,
216931,Wilkes University,2,pending,,
178059,Maryville University of Saint Louis,2,pending,,
170806,Madonna University,2,pending,,
151290,Indiana Institute of Technology,2,pending,,
184348,Drew University,2,pending,,
118693,Menlo College,2,pending,,
168227,Wentworth Institute of Technology,2,pending,,
217721,Benedict College,2,pending,,
157216,Lindsey Wilson University,2,pending,,
212911,Haverford College,2,pending,,
234207,Washington and Lee University,2,pending,,
140252,Life University,2,pending,,
489937,Carolina University,2,pending,,
239017,Lawrence University,2,pending,,
107141,John Brown University,2,pending,,
197133,Vassar College,2,pending,,
199412,Queens University of Charlotte,2,pending,,
192110,The Juilliard School,2,pending,,
110361,California Baptist University,2,pending,,
228149,St. Mary's University,2,pending,,
193016,Mercy University,2,pending,,
186867,Stevens Institute of Technology,2,pending,,
165802,Fisher College,2,pending,,
218070,Furman University,2,pending,,
219949,Cumberland University,2,pending,,
227863,University of St Thomas,2,pending,,
148016,Principia College,2,pending,,
222178,Abilene Christian University,2,pending,,
110404,California Institute of Technology,2,pending,,
225627,University of the Incarnate Word,2,pending,,
156295,Berea College,2,pending,,
197197,Wagner College,2,pending,,
154013,Mount Mercy University,2,pending,,
156541,University of the Cumberlands,2,pending,,
201654,Cedarville University,2,pending,,
484844,Minerva University,2,pending,,
173142,Bethany Lutheran College,2,pending,,
176479,William Carey University,2,pending,,
213987,Mercyhurst University,2,pending,,
136330,Palm Beach Atlantic University,2,pending,,
229160,Texas Wesleyan University,2,pending,,
186432,Saint Peter's University,2,pending,,
207971,University of Tulsa,2,pending,,
177214,Drury University,2,pending,,
191968,Ithaca College,2,pending,,
196592,Touro University,2,pending,,
144962,Elmhurst University,2,pending,,
134945,Jacksonville University,2,pending,,
229267,Trinity University,2,pending,,
161004,Bowdoin College,2,pending,,
239318,Milwaukee School of Engineering,2,pending,,
165334,Clark University,2,pending,,
206437,Walsh University,2,pending,,
236896,Walla Walla University,2,pending,,
147369,Moody Bible Institute,2,pending,,
209056,Lewis & Clark College,2,pending,,
188641,Alfred University,2,pending,,
216597,Villanova University,2,pending,,
186283,Rider University,2,pending,,
236577,Seattle Pacific University,2,pending,,
150455,Earlham College,2,pending,,
238333,Beloit College,2,pending,,
145372,Greenville University,2,pending,,
159656,Loyola University New Orleans,2,pending,,
109785,Azusa Pacific University,2,pending,,
238078,Wheeling University,2,pending,,
142294,The College of Idaho,2,pending,,
137564,Southeastern University,2,pending,,
198516,Elon University,2,pending,,
213358,La Roche University,2,pending,,
169479,Davenport University,2,pending,,
140447,Mercer University,2,pending,,
225399,Houston Christian University,2,pending,,
206048,Tiffin University,2,pending,,
150668,Goshen College,2,pending,,
221351,Rhodes College,2,pending,,
220631,Lincoln Memorial University,2,pending,,
128902,Connecticut College,2,pending,,
195544,St. Joseph's University-New York,2,pending,,
150534,University of Evansville,2,pending,,
146612,Lewis University,2,pending,,
139630,Emmanuel University,2,pending,,
230995,Norwich University,2,pending,,
195474,Siena University,2,pending,,
224226,Dallas Baptist University,2,pending,,
209922,Reed College,2,pending,,
138293,Webber International University,2,pending,,
189857,Central Yeshiva Tomchei Tmimim Lubavitz,2,pending,,
129525,University of Hartford,2,pending,,
144883,East-West University,2,pending,,
213367,La Salle University,2,pending,,
236230,Pacific Lutheran University,2,pending,,
174899,The College of Saint Scholastica,2,pending,,
123952,Southern California Institute of Architecture,2,pending,,
192819,Marist University,2,pending,,
153269,Drake University,2,pending,,
173300,Concordia College at Moorhead,2,pending,,
212133,Eastern University,2,pending,,
184612,Felician University,2,pending,,
181330,Midland University,2,pending,,
121257,Pitzer College,2,pending,,
141644,Hawaii Pacific University,2,pending,,
189705,Canisius University,2,pending,,
215770,Saint Joseph's University - Philadelphia,2,pending,,
129242,Fairfield University,2,pending,,
199069,University of Mount Olive,2,pending,,
215442,Point Park University,2,pending,,
191630,Hobart William Smith Colleges,2,pending,,
217961,Converse University,2,pending,,
102298,Talladega College,2,pending,,
126678,Colorado College,2,pending,,
125763,Whittier College,2,pending,,
147660,North Central College,2,pending,,
219976,Lipscomb University,2,pending,,
130226,Quinnipiac University,2,pending,,
168528,Adrian College,2,pending,,
115409,Harvey Mudd College,2,pending,,
150145,Bethel University,2,pending,,
217235,Johnson & Wales University-Providence,2,pending,,
166124,College of the Holy Cross,2,pending,,
192703,Manhattan University,2,pending,,
239105,Marquette University,2,pending,,
198969,Methodist University,2,pending,,
211088,Arcadia University,2,pending,,
198835,Lenoir-Rhyne University,2,pending,,
190044,Clarkson University,2,pending,,
176947,Central Methodist University-College of Liberal Arts and Sciences,2,pending,,
133979,Florida Memorial University,2,pending,,
237066,Whitworth University,2,pending,,
231420,Averett University,2,pending,,
237358,Davis & Elkins College,2,pending,,
186584,Seton Hall University,2,pending,,
209825,University of Portland,2,pending,,
238458,Carroll University,2,pending,,
173647,Gustavus Adolphus College,2,pending,,
154004,Morningside University,2,pending,,
120254,Occidental College,2,pending,,
131283,The Catholic University of America,2,pending,,
190372,The Cooper Union for the Advancement of Science and Art,2,pending,,
169442,College for Creative Studies,2,pending,,
230816,Bennington College,2,pending,,
134079,Florida Southern College,2,pending,,
152099,Oakland City University,2,pending,,
213251,Juniata College,2,pending,,
156213,Asbury University,2,pending,,
190716,D'Youville  University,2,pending,,
170301,Hope College,2,pending,,
149781,Wheaton College,2,pending,,
195243,St. Thomas Aquinas College,2,pending,,
163462,Mount St. Mary's University,2,pending,,
120166,San Francisco Bay University,2,pending,,
164447,American International College,2,pending,,
102234,Spring Hill College,2,pending,,
219833,Christian Brothers University,2,pending,,
198215,Catawba College,2,pending,,
237969,West Virginia Wesleyan College,2,pending,,
193399,University of Mount Saint Vincent,2,pending,,
149505,Trinity Christian College,2,pending,,
245953,Mid-America Christian University,2,pending,,
181002,Creighton University,2,pending,,
191931,Iona University,2,pending,,
153366,Graceland University-Lamoni,2,pending,,
486901,Milligan University,2,pending,,
152600,Valparaiso University,2,pending,,
203368,John Carroll University,2,pending,,
167783,Simmons University,2,pending,,
143358,Bradley University,2,pending,,
110413,California Lutheran University,2,pending,,
204909,Ohio Wesleyan University,2,pending,,
117557,Lincoln University,2,pending,,
110060,Bethesda University,2,pending,,
154590,William Penn University,2,pending,,
145646,Illinois Wesleyan University,2,pending,,
220613,Lee University,2,pending,,
219718,Bethel University,2,pending,,
163046,Loyola University Maryland,2,pending,,
130253,Sacred Heart University,2,pending,,
157809,Thomas More University,2,pending,,
153126,Clarke University,2,pending,,
219806,Carson-Newman University,2,pending,,
199643,Shaw University,2,pending,,
200217,University of Mary,2,pending,,
152992,Briar Cliff University,2,pending,,
166850,Merrimack College,2,pending,,
155335,Newman University,2,pending,,
154493,Upper Iowa University,2,pending,,
101189,Faulkner University,2,pending,,
160959,College of the Atlantic,2,pending,,
148131,Quincy University,2,pending,,
154527,Wartburg College,2,pending,,
128744,University of Bridgeport,2,pending,,
180984,Concordia University-Nebraska,2,pending,,
148405,Rockford University,2,pending,,
195304,Sarah Lawrence College,2,pending,,
207458,Oklahoma City University,2,pending,,
133492,Eckerd College,2,pending,,
168281,Wheaton College (Massachusetts),2,pending,,
487524,Husson University,2,pending,,
197984,Belmont Abbey College,2,pending,,
217688,Charleston Southern University,2,pending,,
216366,Thomas Jefferson University,2,pending,,
183804,Beth Medrash Govoha,2,pending,,
117627,La Sierra University,2,pending,,
167899,Springfield College,2,pending,,
192323,Le Moyne College,2,pending,,
226231,LeTourneau University,2,pending,,
217402,Providence College,2,pending,,
157535,University of Pikeville,2,pending,,
118888,Northeastern University Oakland,2,pending,,
160904,Xavier University of Louisiana,2,pending,,
210775,Alvernia University,2,pending,,
162210,Washington Adventist University,2,pending,,
203544,Kettering College,2,pending,,
210669,Allegheny College,2,pending,,
133711,Flagler College,2,pending,,
220473,Johnson University,2,pending,,
122506,San Francisco Conservatory of Music,2,pending,,
178244,Missouri Baptist University,2,pending,,
206622,Xavier University,2,pending,,
220710,Maryville College,2,pending,,
145619,Benedictine University,2,pending,,
181853,York University,2,pending,,
146339,Judson University,2,pending,,
238616,Concordia University-Wisconsin,2,pending,,
130989,Goldey-Beacom College,2,pending,,
168546,Albion College,2,pending,,
163976,St. John's College,2,pending,,
168591,Alma College,2,pending,,
185572,Monmouth University,2,pending,,
202763,The University of Findlay,2,pending,,
200156,University of Jamestown,2,pending,,
170037,Cornerstone University,2,pending,,
167996,Stonehill College,2,pending,,
173045,Augsburg University,2,pending,,
107600,Philander Smith University,2,pending,,
219198,Mount Marty University,2,pending,,
207856,Southwestern Christian University,2,pending,,
217536,Salve Regina University,2,pending,,
154235,Saint Ambrose University,2,pending,,
217907,Coker University,2,pending,,
181020,Doane University,2,pending,,
162654,Goucher College,2,pending,,
155937,Sterling College,2,pending,,
141361,Young Harris College,2,pending,,
201104,Ashland University,2,pending,,
219709,Belmont University,2,pending,,
168254,Western New England University,2,pending,,
212984,Holy Family University,2,pending,,
133872,AdventHealth University,2,pending,,
153825,Loras College,2,pending,,
198899,Mars Hill University,2,pending,,
221731,Tennessee Wesleyan University,2,pending,,
139199,Brenau University,2,pending,,
151786,Marian University,2,pending,,
176628,Avila University,2,pending,,
229780,Wayland Baptist University,2,pending,,
233426,Roanoke College,2,pending,,
221519,The University of the South,2,pending,,
401223,World Mission University,2,pending,,
150163,Butler University,2,pending,,
181127,Hastings College,2,pending,,
217518,Roger Williams University,2,pending,,
197018,United Talmudical Seminary,2,pending,,
198136,Campbell University,2,pending,,
156745,Georgetown College,2,pending,,
232265,Hampton University,2,pending,,
150677,Grace College and Theological Seminary,2,pending,,
239080,Marian University,2,pending,,
211468,Cedar Crest College,2,pending,,
147828,Olivet Nazarene University,2,pending,,
127918,Regis University,2,pending,,
198303,Chowan University,2,pending,,
156408,Centre College,2,pending,,
155089,Friends University,2,pending,,
191676,Houghton University,2,pending,,
112075,Concordia University-Irvine,2,pending,,
198066,Brevard College,2,pending,,
114813,Fresno Pacific University,2,pending,,
197911,Barton College,2,pending,,
179955,William Jewell College,2,pending,,
140872,Reinhardt University,2,pending,,
155520,MidAmerica Nazarene University,2,pending,,
179043,Rockhurst University,2,pending,,
155511,McPherson College,2,pending,,
226383,Lubbock Christian University,2,pending,,
213996,Messiah University,2,pending,,
205957,Franciscan University of Steubenville,2,pending,,
132602,Bethune-Cookman University,2,pending,,
215743,Saint Francis University,2,pending,,
220516,King University,2,pending,,
152673,Wabash College,2,pending,,
177339,Evangel University,2,pending,,
106342,Lyon College,2,pending,,
180595,Rocky Mountain College,2,pending,,
154101,Northwestern College,2,pending,,
174747,College of Saint Benedict,2,pending,,
211893,Curtis Institute of Music,2,pending,,
155414,Kansas Wesleyan University,2,pending,,
153375,Grand View University,2,pending,,
157076,Kentucky Wesleyan College,2,pending,,
231581,Bridgewater College,2,pending,,
153241,Divine Word College,2,pending,,
159568,Louisiana Christian University,2,pending,,
181446,Nebraska Wesleyan University,2,pending,,
173328,Concordia University-Saint Paul,2,pending,,
155627,Ottawa University-Ottawa,2,pending,,
182795,Franklin Pierce University,2,pending,,
122728,William Jessup University,2,pending,,
105899,Arizona Christian University,2,pending,,
174792,Saint Johns University,2,pending,,
168786,Aquinas College,2,pending,,
156286,Bellarmine University,2,pending,,
123165,Scripps College,2,pending,,
198862,Livingstone College,2,pending,,
237181,Bethany College,2,pending,,
190761,Dominican University New York,2,pending,,
152336,University of Saint Francis-Fort Wayne,2,pending,,
164562,Assumption University,2,pending,,
216852,Widener University,2,pending,,
161563,Thomas College,2,pending,,
232043,Eastern Mennonite University,2,pending,,
154688,Baker University,2,pending,,
123554,Saint Mary's College of California,2,pending,,
153144,Coe College,2,pending,,
190983,Elmira College,2,pending,,
245652,St. John's College,2,pending,,
102049,Samford University,2,pending,,
191533,Hartwick College,2,pending,,
231059,Saint Michael's College,2,pending,,
214166,Mount Aloysius College,2,pending,,
192864,Marymount Manhattan College,2,pending,,
221953,Tusculum University,2,pending,,
171492,Northwood University,2,pending,,
199032,Montreat College,2,pending,,
166018,Hampshire College,2,pending,,
198808,Lees-McRae College,2,pending,,
150604,Franklin College,2,pending,,
156356,Brescia University,2,pending,,
155973,Tabor College,2,pending,,
117140,University of La Verne,2,pending,,
153278,University of Dubuque,2,pending,,
238476,Carthage College,2,pending,,
128498,Albertus Magnus College,2,pending,,
107877,Williams Baptist University,2,pending,,
106713,Central Baptist College,2,pending,,
184773,Georgian Court University,2,pending,,
165699,Endicott College,2,pending,,
225247,Hardin-Simmons University,2,pending,,
218973,Wofford College,2,pending,,
170532,Kalamazoo College,2,pending,,
150941,Huntington University,2,pending,,
182980,New England College,2,pending,,
218539,Presbyterian College,2,pending,,
204617,Ohio Dominican University,2,pending,,
204635,Ohio Northern University,2,pending,,
157748,The Southern Baptist Theological Seminary,2,pending,,
138275,Warner University,2,pending,,
148584,University of St Francis,2,pending,,
147244,Millikin University,2,pending,,
217873,Claflin University,2,pending,,
234173,Virginia Wesleyan University,2,pending,,
152567,Trine University,2,pending,,
227331,Our Lady of the Lake University,2,pending,,
174862,Crown College,2,pending,,
234915,City University of Seattle,2,pending,,
157377,Midway University,2,pending,,
206835,Oklahoma Wesleyan University,2,pending,,
194958,Roberts Wesleyan University,2,pending,,
217925,Columbia International University,2,pending,,
203757,Lourdes University,2,pending,,
233718,Sweet Briar College,2,pending,,
202073,Cleveland Institute of Music,2,pending,,
196431,Talmudical Seminary Oholei Torah,2,pending,,
141325,Wesleyan College,2,pending,,
124292,Thomas Aquinas College,2,pending,,
232308,Hollins University,2,pending,,
236133,Northwest University,2,pending,,
181738,Union Adventist University,2,pending,,
150756,Hanover College,2,pending,,
125897,Woodbury University,2,pending,,
117168,Laguna College of Art and Design,2,pending,,
121309,Point Loma Nazarene University,2,pending,,
232025,Emory & Henry University,2,pending,,
218414,Newberry College,2,pending,,
169327,Cleary University,2,pending,,
172334,Spring Arbor University,2,pending,,
206862,Southern Nazarene University,2,pending,,
169983,Kettering University,2,pending,,
166452,Lesley University,2,pending,,
169363,Concordia University Ann Arbor,2,pending,,
230807,Westminster University,2,pending,,
140696,Oglethorpe University,2,pending,,
139393,Covenant College,2,pending,,
163532,Ner Israel Rabbinical College,2,pending,,
211556,Chatham University,2,pending,,
218919,Voorhees University,2,pending,,
153162,Cornell College,2,pending,,
166391,Lasell University,2,pending,,
107512,Ouachita Baptist University,2,pending,,
193292,Molloy University,2,pending,,
159948,New Orleans Baptist Theological Seminary,2,pending,,
217059,York College of Pennsylvania,2,pending,,
483595,Ana G. Mendez University,2,pending,,
212197,Elizabethtown College,2,pending,,
170967,Rochester Christian University,2,pending,,
190725,Daemen University,2,pending,,
154350,Simpson College,2,pending,,
213668,Lycoming College,2,pending,,
214272,Neumann University,2,pending,,
218441,North Greenville University,2,pending,,
158802,Dillard University,2,pending,,
197735,Yeshivath Viznitz,2,pending,,
167260,Nichols College,2,pending,,
179964,William Woods University,2,pending,,
228343,Southwestern University,2,pending,,
117751,The Master's University and Seminary,2,pending,,
164173,Stevenson University,2,pending,,
221971,Union University,2,pending,,
451398,Yeshiva Toras Chaim,2,pending,,
224323,University of Dallas,2,pending,,
186186,Rabbinical College of America,2,pending,,
151801,Indiana Wesleyan University-Marion,2,pending,,
150774,Holy Cross College,2,pending,,
198950,Meredith College,2,pending,,
145691,Illinois College,2,pending,,
446048,Ave Maria University,2,pending,,
228468,Southwestern Adventist University,2,pending,,
113698,Dominican University of California,2,pending,,
131450,Gallaudet University,2,pending,,
204185,University of Mount Union,2,pending,,
143118,Aurora University,2,pending,,
101693,University of Mobile,2,pending,,
232672,Mary Baldwin University,2,pending,,
220604,Le Moyne-Owen College,2,pending,,
233541,Shenandoah University,2,pending,,
198756,Johnson C Smith University,2,pending,,
215114,Cairn University-Langhorne,2,pending,,
154749,Bethel College-North Newton,2,pending,,
177144,Culver-Stockton College,2,pending,,
123457,Simpson University,2,pending,,
441982,Franklin W Olin College of Engineering,2,pending,,
210571,Albright College,2,pending,,
165529,Curry College,2,pending,,
239716,Saint Norbert College,2,pending,,
216278,Susquehanna University,2,pending,,
240107,Viterbo University,2,pending,,
215798,Saint Vincent College,2,pending,,
388520,College of Biblical Studies-Houston,2,pending,,
192749,Manhattanville University,2,pending,,
231651,Regent University,2,pending,,
140988,Shorter University,2,pending,,
203845,Marietta College,2,pending,,
203580,Lake Erie College,2,pending,,
210401,Willamette University,2,pending,,
141167,Thomas University,2,pending,,
226587,McMurry University,2,pending,,
165574,Dean College,2,pending,,
163578,Notre Dame of Maryland University,2,pending,,
211583,Chestnut Hill College,2,pending,,
225885,Jarvis Christian University,2,pending,,
212656,Geneva College,2,pending,,
178697,College of the Ozarks,2,pending,,
212805,Grove City College,2,pending,,
125727,Westmont College,2,pending,,
236452,Saint Martin's University,2,pending,,
150066,Anderson University,2,pending,,
102270,Stillman College,2,pending,,
209409,Bushnell University,2,pending,,
213321,King's College,2,pending,,
177542,Hannibal-LaGrange University,2,pending,,
107080,Hendrix College,2,pending,,
219091,Dakota Wesleyan University,2,pending,,
213011,Immaculata University,2,pending,,
175421,Belhaven University,2,pending,,
154712,Benedictine College,2,pending,,
199306,Pfeiffer University,2,pending,,
219790,Bryan College-Dayton,2,pending,,
193584,Nazareth University,2,pending,,
191621,Hilbert College,2,pending,,
117636,Loma Linda University,2,pending,,
155812,University of Saint Mary,2,pending,,
133809,Florida College,2,pending,,
155900,Southwestern College,2,pending,,
201548,Capital University,2,pending,,
183239,Saint Anselm College,2,pending,,
206349,Ursuline College,2,pending,,
165671,Emmanuel College,2,pending,,
206507,Wilmington College,2,pending,,
180258,University of Providence,2,pending,,
199865,Warren Wilson College,2,pending,,
198695,High Point University,2,pending,,
481058,Grace Mission University,2,pending,,
216667,Washington & Jefferson College,2,pending,,
179946,Westminster College,2,pending,,
207157,Randall University,2,pending,,
449870,University of the West,2,pending,,
111045,Haven University,2,pending,,
214175,Muhlenberg College,2,pending,,
174817,Saint Mary's University of Minnesota,2,pending,,
228884,Texas College,2,pending,,
208822,George Fox University,2,pending,,
203775,Malone University,2,pending,,
121691,University of Redlands,2,pending,,
197142,Villa Maria College,2,pending,,
162760,Hood College,2,pending,,
229887,Wiley University,2,pending,,
198613,Guilford College,2,pending,,
213507,Lebanon Valley College,2,pending,,
176318,Rust College,2,pending,,
443058,Family of Faith Christian University,2,pending,,
494542,Sattler College,2,pending,,
188526,Albany College of Pharmacy and Health Sciences,2,pending,,
233301,Randolph College,2,pending,,
173452,Martin Luther College,2,pending,,
209612,Pacific University,2,pending,,
233295,Randolph-Macon College,2,pending,,
141060,Spelman College,2,pending,,
167394,College of Our Lady of the Elms,2,pending,,
165167,Cambridge College,2,pending,,
226471,University of Mary Hardin-Baylor,2,pending,,
199607,Salem College,2,pending,,
138600,Agnes Scott College,2,pending,,
179326,Southwest Baptist University,2,pending,,
224527,East Texas Baptist University,2,pending,,
234164,Virginia Union University,2,pending,,
198598,Greensboro College,2,pending,,
461847,Keser Torah-Mayan Hatalmud,2,pending,,
177719,Barnes-Jewish College Goldfarb School of Nursing,2,pending,,
138868,Point University,2,pending,,
214157,Moravian University,2,pending,,
182634,Colby-Sawyer College,2,pending,,
219383,University of Sioux Falls,2,pending,,
228042,Schreiner University,2,pending,,
231554,Bluefield University,2,pending,,
152390,Saint Mary's College,2,pending,,
176406,Tougaloo College,2,pending,,
217934,Columbia College,2,pending,,
215929,University of Scranton,2,pending,,
213303,Keystone College,2,pending,,
220598,Lane College,2,pending,,
175980,Millsaps College,2,pending,,
233611,Southern Virginia University,2,pending,,
177117,Cottey College,2,pending,,
142461,Northwest Nazarene University,2,pending,,
446233,Ecclesia College,2,pending,,
153320,Faith Baptist Bible College and Theological Seminary,2,pending,,
157100,Kentucky Christian University,2,pending,,
130314,University of Saint Joseph,2,pending,,
174491,University of Northwestern-St Paul,2,pending,,
144351,Concordia University-Chicago,2,pending,,
207403,Oklahoma Baptist University,2,pending,,
211431,Carlow University,2,pending,,
164216,Washington College,2,pending,,
131876,Trinity Washington University,2,pending,,
181604,College of Saint Mary,2,pending,,
154721,Bethany College,2,pending,,
238980,Lakeland University,2,pending,,
209065,Linfield University,2,pending,,
446640,Harrisburg University of Science and Technology,2,pending,,
153861,Maharishi International University,2,pending,,
186618,Saint Elizabeth University,2,pending,,
239628,Ripon College,2,pending,,
139144,Berry College,2,pending,,
138947,Clark Atlanta University,2,pending,,
153001,Buena Vista University,2,pending,,
148496,Dominican University,2,pending,,
175430,Blue Mountain Christian University,2,pending,,
204936,Otterbein University,2,pending,,
134510,Hobe Sound Bible College,2,pending,,
120537,Hope International University,2,pending,,
174127,Minneapolis College of Art and Design,2,pending,,
179265,University of Health Sciences and Pharmacy in St. Louis,2,pending,,
154855,Central Christian College of Kansas,2,pending,,
140818,Piedmont University,2,pending,,
184694,Fairleigh Dickinson University-Florham Campus,2,pending,,
228325,Nelson University,2,pending,,
197045,Utica University,2,pending,,
241410,Pontifical Catholic University of Puerto Rico-Ponce,2,pending,,
204264,Muskingum University,2,pending,,
161457,University of New England,2,pending,,
222983,Austin College,2,pending,,
140553,Morehouse College,2,pending,,
201195,Baldwin Wallace University,2,pending,,
164270,McDaniel College,2,pending,,
140234,LaGrange College,2,pending,,
214069,Misericordia University,2,pending,,
239390,Mount Mary University,2,pending,,
162061,Capitol Technology University,2,pending,,
455770,Providence Christian College,2,pending,,
174437,North Central University,2,pending,,
475608,Criswell College,2,pending,,
444413,Beis Medrash Heichal Dovid,2,pending,,
363712,Yeshivah Gedolah Rabbinical College,2,pending,,
490045,California Prestige University,2,pending,,
150172,Calumet College of Saint Joseph,2,pending,,
217624,Allen University,2,pending,,
217776,Southern Wesleyan University,2,pending,,
119173,Mount Saint Mary's University,2,pending,,
193353,Mount Saint Mary College,2,pending,,
141237,Truett McConnell University,2,pending,,
213826,Marywood University,2,pending,,
206525,Wittenberg University,2,pending,,
178679,Ozark Christian College,2,pending,,
171881,Kuyper College,2,pending,,
210492,Bryn Athyn College of the New Church,2,pending,,
115083,Golden Gate University,2,pending,,
481225,Mid-South Christian College,2,pending,,
199458,Mid-Atlantic Christian University,2,pending,,
384254,Beacon College,2,pending,,
129534,Holy Apostles College and Seminary,2,pending,,
195128,Russell Sage College,2,pending,,
175005,St Catherine University,2,pending,,
170000,Grace Christian University,2,pending,,
236328,University of Puget Sound,2,pending,,
216524,Ursinus College,2,pending,,
155308,Kansas Christian College,2,pending,,
462354,John Paul the Great Catholic University,2,pending,,
217013,Wilson College,2,pending,,
237136,Appalachian Bible College,2,pending,,
217606,Northpoint Bible College,2,pending,,
492069,Champion Christian College,2,pending,,
190114,Metropolitan College of New York,2,pending,,
202514,Defiance College,2,pending,,
201371,Bluffton University,2,pending,,
127653,Naropa University,2,pending,,
173665,Hamline University,2,pending,,
202806,Franklin University,2,pending,,
230852,Champlain College,2,pending,,
154518,Waldorf University,2,pending,,
158477,Centenary College of Louisiana,2,pending,,
117104,Life Pacific University,2,pending,,
157757,Spalding University,2,pending,,
216311,Talmudical Yeshiva of Philadelphia,2,pending,,
144971,Eureka College,2,pending,,
488004,Central Yeshiva Beth Joseph,2,pending,,
455664,The Chicago School at Los Angeles,2,pending,,
197993,Bennett College,2,pending,,
457484,Pacific Rim Christian University,2,pending,,
228981,Texas Lutheran University,2,pending,,
199272,William Peace University,2,pending,,
123651,Vanguard University of Southern California,2,pending,,
137953,Trinity College of Jacksonville,2,pending,,
203128,Hiram College,2,pending,,
216694,Waynesburg University,2,pending,,
195720,St. John Fisher University,2,pending,,
168847,Baker College,2,pending,,
211981,Delaware Valley University,2,pending,,
177746,Kansas City Art Institute,2,pending,,
157818,Transylvania University,2,pending,,
141486,Chaminade University of Honolulu,2,pending,,
232256,Hampden-Sydney College,2,pending,,
241225,Universidad Central de Bayamon,2,pending,,
195438,Sh'or Yoshuv Rabbinical College,2,pending,,
145497,Hebrew Theological College,2,pending,,
157030,Kentucky Mountain Bible College,2,pending,,
481438,Yeshiva Yesodei Hatorah,2,pending,,
490513,Bais Medrash Mayan Hatorah,2,pending,,
196440,Talmudical Institute of Upstate New York,2,pending,,
209603,Pacific Northwest College of Art,2,pending,,
240338,Wisconsin Lutheran College,2,pending,,
137272,St. John Vianney College Seminary,2,pending,,
139153,Beulah Heights University,2,pending,,
106306,Arkansas Baptist College,2,pending,,
243823,Parker University,2,pending,,
239071,Maranatha Baptist University,2,pending,,
151777,Manchester University,2,pending,,
176910,Central Christian College of the Bible,2,pending,,
384421,Rabbi Jacob Joseph School,2,pending,,
443049,Faith International University,2,pending,,
245838,Antioch University-Los Angeles,2,pending,,
210331,Corban University,2,pending,,
245847,Antioch University-Santa Barbara,2,pending,,
155070,Barclay College,2,pending,,
208725,New Hope Christian College-Eugene,2,pending,,
202046,Cleveland Institute of Art,2,pending,,
232089,Ferrum College,2,pending,,
202170,Columbus College of Art & Design,2,pending,,
192192,Keuka College,2,pending,,
216807,Westminster College,2,pending,,
204194,Mount Vernon Nazarene University,2,pending,,
238193,Alverno College,2,pending,,
147341,Monmouth College,2,pending,,
201964,Ohio Christian University,2,pending,,
122296,Samuel Merritt University,2,pending,,
156189,Alice Lloyd College,2,pending,,
220206,Welch College,2,pending,,
235422,Heritage University,2,pending,,
494630,Christ Mission College,2,pending,,
152798,Allen College,2,pending,,
436614,International Baptist College and Seminary,2,pending,,
167677,Saint John's Seminary,2,pending,,
417752,Messenger College,2,pending,,
481410,Yeshiva Gedolah Kesser Torah,2,pending,,
451370,Yeshivas Be'er Yitzchok,2,pending,,
486053,Bethlehem College & Seminary,2,pending,,
120768,Pacific Oaks College,2,pending,,
170091,Great Lakes Christian College,2,pending,,
201061,Art Academy of Cincinnati,2,pending,,
192040,Jewish Theological Seminary of America,2,pending,,
440794,Pillar College,2,pending,,
172608,Walsh College,2,pending,,
492801,Drury University-College of Continuing Professional Studies,2,pending,,
167598,Regis College,2,pending,,
206491,Wilberforce University,2,pending,,
492962,Indiana Institute of Technology-College of Professional Studies,2,pending,,
173160,Bethel University,2,pending,,
198561,Gardner-Webb University,2,pending,,
212832,Gwynedd Mercy University,2,pending,,
440396,New Saint Andrews College,2,pending,,
239309,Milwaukee Institute of Art & Design,2,pending,,
126076,Yeshiva Ohr Elchonon Chabad West Coast Talmudical Seminary,2,pending,,
166054,Hellenic College-Holy Cross Greek Orthodox School of Theology,2,pending,,
490504,Yeshiva Ohr Naftoli,2,pending,,
176789,Calvary University,2,pending,,
491710,Yeshiva Gedolah of Cliffwood,2,pending,,
486017,Yeshiva Ohr Yisrael,2,pending,,
117575,Southern California Seminary,2,pending,,
124487,Epic Bible College & Graduate School,2,pending,,
160409,Saint Joseph Seminary College,2,pending,,
142090,Boise Bible College,2,pending,,
209241,Mount Angel Seminary,2,pending,,
183275,Thomas More College of Liberal Arts,2,pending,,
225548,Howard Payne University,2,pending,,
222628,Amberton University,2,pending,,
179548,Stephens College,2,pending,,
210304,Warner Pacific University,2,pending,,
216357,Thiel College,2,pending,,
385619,Everglades University,2,pending,,
161572,Unity Environmental University,2,pending,,
152381,Saint Mary-of-the-Woods College,2,pending,,
129774,Mitchell College,2,pending,,
137962,Trinity College of Florida,2,pending,,
483018,Antioch College,2,pending,,
149639,VanderCook College of Music,2,pending,,
449658,Bais Medrash Toras Chesed,2,pending,,
112084,San Diego Christian College,2,pending,,
487746,Yeshiva Zichron Aryeh,2,pending,,
120184,Notre Dame de Namur University,2,pending,,
459727,Touro University Worldwide,2,pending,,
456490,Polytechnic University of Puerto Rico-Orlando,2,pending,,
219505,American Baptist College,2,pending,,
101453,Heritage Christian University,2,pending,,
164632,Bay Path University,2,pending,,
192624,Machzikei Hadath Rabbinical College,2,pending,,
199759,Southeastern Baptist Theological Seminary,2,pending,,
222877,Arlington Baptist University,2,pending,,
494685,Urshan University,2,pending,,
133526,Edward Waters University,2,pending,,
153108,Central College,2,pending,,
120698,Palo Alto University,2,pending,,
217891,Clinton College,2,pending,,
177038,Cleveland University-Kansas City,2,pending,,
444398,Baptist University of the Americas,2,pending,,
443340,Williamson Christian College,2,pending,,
119058,Middlebury Institute of International Studies at Monterey,2,pending,,
174154,Herzing University-Minneapolis,2,pending,,
203085,Heidelberg University,2,pending,,
177083,Conception Seminary College,2,pending,,
105589,Prescott College,2,pending,,
439701,The King's University,2,pending,,
180106,Carroll College,2,pending,,
183974,Centenary University,2,pending,,
434937,Yeshiva College of the Nations Capital,2,pending,,
430670,San Juan Bautista School of Medicine,2,pending,,
102377,Tuskegee University,2,pending,,
418126,New York College of Health Professions,2,pending,,
101912,Oakwood University,2,pending,,
188182,University of the Southwest,2,pending,,
407610,Pacific Bible College,2,pending,,
205124,Rabbinical College Telshe,2,pending,,
177986,Logan University,2,pending,,
491190,The Chicago School at San Diego,2,pending,,
178208,Midwestern Baptist Theological Seminary,2,pending,,
101675,Miles College,2,pending,,
445267,Central Methodist University-College of Graduate and Extended Studies,2,pending,,
445735,Roseman University of Health Sciences,2,pending,,
485698,American College of the Building Arts,2,pending,,
174525,Oak Hills Christian College,2,pending,,
459824,Touro University Nevada,2,pending,,
204200,Mount St. Joseph University,2,pending,,
216047,Saint Charles Borromeo Seminary-Overbrook,2,pending,,
459842,Herzing University-Kenosha,2,pending,,
451927,Patrick Henry College,2,pending,,
115773,Humphreys University,2,pending,,
215947,Seton Hill University,2,pending,,
180832,Clarkson College,2,pending,,
207324,Oklahoma Christian University,2,pending,,
180814,Bellevue University,2,pending,,
475200,Whitworth University-Adult Degree Programs,2,pending,,
183211,Rivier University,2,pending,,
205027,Pontifical College Josephinum,2,pending,,
476601,Bais HaMedrash and Mesivta of Baltimore,2,pending,,
449764,Visible Music College,2,pending,,
480198,Warner Pacific University Professional and Graduate Studies,2,pending,,
217633,Anderson University,2,pending,,
111966,Charles R Drew University of Medicine and Science,2,pending,,
447953,SUM Bible College and Theological Seminary,2,pending,,
110316,California Institute of Integral Studies,2,pending,,
217998,Erskine College,2,pending,,
446604,Uta Mesivta of Kiryas Joel,2,pending,,
457402,University of Fort Lauderdale,2,pending,,
243346,Universidad Ana G. Mendez-Carolina Campus,2,pending,,
262165,Montana Bible College,2,pending,,
224004,Concordia University Texas,2,pending,,
143288,Blackburn College,2,pending,,
142832,Adler University,2,pending,,
156417,Clear Creek Baptist Bible College,2,pending,,
193070,Mesivtha Tifereth Jerusalem of America,2,pending,,
225201,Hallmark University,2,pending,,
199582,Saint Augustine's University,2,pending,,
199971,Carolina Christian College,2,pending,,
140720,Paine College,2,pending,,
234137,Virginia University of Lynchburg,2,pending,,
200484,Trinity Bible College and Graduate School,2,pending,,
140571,Morris Brown College,2,pending,,
200873,Allegheny Wesleyan College,2,pending,,
140340,Herzing University-Atlanta,2,pending,,
193052,Mesivta Torah Vodaath Rabbinical Seminary,2,pending,,
224244,Dallas Christian College,2,pending,,
143297,Blessing Rieman College of Nursing and Health Sciences,2,pending,,
155636,Ottawa University-Kansas City,2,pending,,
155496,Manhattan Christian College,2,pending,,
148511,Rush University,2,pending,,
194763,Rabbinical Seminary of America,2,pending,,
149514,Trinity International University-Illinois,2,pending,,
149329,Telshe Yeshiva-Chicago,2,pending,,
148627,Saint Xavier University,2,pending,,
148575,Saint Francis Medical Center College of Nursing,2,pending,,
154174,Palmer College of Chiropractic,2,pending,,
197221,Webb Institute,2,pending,,
143978,The Chicago School at Chicago,2,pending,,
147590,National University of Health Sciences,2,pending,,
194666,Rabbinical College Bobover Yeshiva Bnei Zion,2,pending,,
197692,Yeshivath Shaar Hatorah,2,pending,,
227429,Paul Quinn College,2,pending,,
194657,Rabbinical Academy Mesivta Rabbi Chaim Berlin,2,pending,,
194569,Davis College,2,pending,,
235547,Bastyr University,2,pending,,
210739,DeSales University,2,pending,,
170286,Hillsdale College,2,pending,,
223117,Baptist Missionary Association Theological Seminary,2,pending,,
241739,Universidad Ana G. Mendez-Cupey Campus,2,pending,,
242617,Inter American University of Puerto Rico-San German,2,pending,,
242626,Inter American University of Puerto Rico-Aguadilla,2,pending,,
242635,Inter American University of Puerto Rico-Arecibo,2,pending,,
242644,Inter American University of Puerto Rico-Barranquitas,2,pending,,
242653,Inter American University of Puerto Rico-Metro,2,pending,,
242662,Inter American University of Puerto Rico-Ponce,2,pending,,
242680,Inter American University of Puerto Rico-Fajardo,2,pending,,
242705,Inter American University of Puerto Rico-Bayamon,2,pending,,
243586,Pontifical Catholic University of Puerto Rico-Mayaguez,2,pending,,
243601,Universidad Ana G. Mendez-Gurabo Campus,2,pending,,
220181,Fisk University,2,pending,,
123280,Shasta Bible College and Graduate School,2,pending,,
214148,Moore College of Art and Design,2,pending,,
245883,Antioch University-Seattle,2,pending,,
209296,National University of Natural Medicine,2,pending,,
241395,Pontifical Catholic University of Puerto Rico-Arecibo,2,pending,,
241331,Albizu University-San Juan,2,pending,,
161518,Saint Joseph's College of Maine,2,pending,,
160065,University of Holy Cross,2,pending,,
137777,Talmudic College of Florida,2,pending,,
213400,Lancaster Bible College,2,pending,,
135364,Luther Rice College & Seminary,2,pending,,
161509,Maine College of Art & Design,2,pending,,
132842,Albizu University-Miami,2,pending,,
132408,Baptist University of Florida,2,pending,,
220215,Freed-Hardeman University,2,pending,,
192165,Kehilath Yakov Rabbinical Seminary,2,pending,,
126669,Colorado Christian University,2,pending,,
166717,William James College,2,pending,,
189565,Bryant & Stratton College-Syracuse North,2,pending,,
166869,MGH Institute of Health Professions,2,pending,,
166911,Montserrat College of Art,2,pending,,
498623,Justice University,2,pending,,
104151,Arizona State University Campus Immersion,3,pending,,
145637,University of Illinois Urbana-Champaign,3,pending,,
243780,Purdue University-Main Campus,3,pending,,
110644,University of California-Davis,3,pending,,
214777,Pennsylvania State University-Main Campus,3,pending,,
110680,University of California-San Diego,3,pending,,
240444,University of Wisconsin-Madison,3,pending,,
236948,University of Washington-Seattle Campus,3,pending,,
110653,University of California-Irvine,3,pending,,
204796,Ohio State University-Main Campus,3,pending,,
110635,University of California-Berkeley,3,pending,,
137351,University of South Florida,3,pending,,
133951,Florida International University,3,pending,,
170976,University of Michigan-Ann Arbor,3,pending,,
110662,University of California-Los Angeles,3,pending,,
196088,University at Buffalo,3,pending,,
225511,University of Houston,3,pending,,
171100,Michigan State University,3,pending,,
110705,University of California-Santa Barbara,3,pending,,
174066,University of Minnesota-Twin Cities,3,pending,,
228778,The University of Texas at Austin,3,pending,,
166629,University of Massachusetts-Amherst,3,pending,,
132903,University of Central Florida,3,pending,,
151351,Indiana University-Bloomington,3,pending,,
196097,Stony Brook University,3,pending,,
104179,University of Arizona,3,pending,,
145600,University of Illinois Chicago,3,pending,,
201885,University of Cincinnati-Main Campus,3,pending,,
227216,University of North Texas,3,pending,,
228769,The University of Texas at Arlington,3,pending,,
139755,Georgia Institute of Technology-Main Campus,3,pending,,
230764,University of Utah,3,pending,,
232186,George Mason University,3,pending,,
233921,Virginia Polytechnic Institute and State University,3,pending,,
129020,University of Connecticut,3,pending,,
228787,The University of Texas at Dallas,3,pending,,
199120,University of North Carolina at Chapel Hill,3,pending,,
139940,Georgia State University,3,pending,,
126562,University of Colorado Denver/Anschutz Medical Campus,3,pending,,
173920,Minnesota State University-Mankato,3,pending,,
190512,CUNY Bernard M Baruch College,3,pending,,
122755,San Jose State University,3,pending,,
163286,University of Maryland-College Park,3,pending,,
110608,California State University-Northridge,3,pending,,
106458,Arkansas State University,3,pending,,
134130,University of Florida,3,pending,,
206695,Youngstown State University,3,pending,,
215293,University of Pittsburgh-Pittsburgh Campus,3,pending,,
153603,Iowa State University,3,pending,,
206084,University of Toledo,3,pending,,
234076,University of Virginia-Main Campus,3,pending,,
110671,University of California-Riverside,3,pending,,
190664,CUNY Queens College,3,pending,,
216339,Temple University,3,pending,,
126614,University of Colorado Boulder,3,pending,,
209542,Oregon State University,3,pending,,
110583,California State University-Long Beach,3,pending,,
203517,Kent State University at Kent,3,pending,,
166638,University of Massachusetts-Boston,3,pending,,
228796,The University of Texas at El Paso,3,pending,,
190594,CUNY Hunter College,3,pending,,
486840,Kennesaw State University,3,pending,,
228459,Texas State University,3,pending,,
174783,Saint Cloud State University,3,pending,,
133669,Florida Atlantic University,3,pending,,
185262,Kean University,3,pending,,
122597,San Francisco State University,3,pending,,
122409,San Diego State University,3,pending,,
229115,Texas Tech University,3,pending,,
228723,Texas A&M University-College Station,3,pending,,
199193,North Carolina State University at Raleigh,3,pending,,
134097,Florida State University,3,pending,,
190655,CUNY New York City College of Technology,3,pending,,
130943,University of Delaware,3,pending,,
126818,Colorado State University-Fort Collins,3,pending,,
207500,University of Oklahoma-Norman Campus,3,pending,,
155317,University of Kansas,3,pending,,
199139,University of North Carolina at Charlotte,3,pending,,
214713,Pennsylvania State University-Penn State Harrisburg,3,pending,,
163453,Morgan State University,3,pending,,
190567,CUNY City College,3,pending,,
169798,Eastern Michigan University,3,pending,,
181464,University of Nebraska-Lincoln,3,pending,,
110714,University of California-Santa Cruz,3,pending,,
202134,Cleveland State University,3,pending,,
163268,University of Maryland-Baltimore County,3,pending,,
179557,Southeast Missouri State University,3,pending,,
142285,University of Idaho,3,pending,,
227368,The University of Texas Rio Grande Valley,3,pending,,
172699,Western Michigan University,3,pending,,
156125,Wichita State University,3,pending,,
105330,Northern Arizona University,3,pending,,
110556,California State University-Fresno,3,pending,,
236939,Washington State University,3,pending,,
176372,University of Southern Mississippi,3,pending,,
141574,University of Hawaii at Manoa,3,pending,,
196060,University at Albany,3,pending,,
110617,California State University-Sacramento,3,pending,,
159993,University of Louisiana at Monroe,3,pending,,
229027,The University of Texas at San Antonio,3,pending,,
184782,Rowan University,3,pending,,
100858,Auburn University,3,pending,,
179566,Missouri State University-Springfield,3,pending,,
204024,Miami University-Oxford,3,pending,,
190600,CUNY John Jay College of Criminal Justice,3,pending,,
206604,Wright State University-Main Campus,3,pending,,
182281,University of Nevada-Las Vegas,3,pending,,
219356,South Dakota State University,3,pending,,
447689,Georgia Gwinnett College,3,pending,,
234030,Virginia Commonwealth University,3,pending,,
187985,University of New Mexico-Main Campus,3,pending,,
110565,California State University-Fullerton,3,pending,,
219471,University of South Dakota,3,pending,,
218663,University of South Carolina-Columbia,3,pending,,
159717,McNeese State University,3,pending,,
200280,University of North Dakota,3,pending,,
232937,Norfolk State University,3,pending,,
240453,University of Wisconsin-Milwaukee,3,pending,,
102368,Troy University,3,pending,,
139959,University of Georgia,3,pending,,
159009,Grambling State University,3,pending,,
206941,University of Central Oklahoma,3,pending,,
190637,CUNY Lehman College,3,pending,,
172644,Wayne State University,3,pending,,
101879,University of North Alabama,3,pending,,
226152,Texas A & M International University,3,pending,,
433660,Florida Gulf Coast University,3,pending,,
209807,Portland State University,3,pending,,
159647,Louisiana Tech University,3,pending,,
181394,University of Nebraska at Omaha,3,pending,,
106397,University of Arkansas,3,pending,,
190549,CUNY Brooklyn College,3,pending,,
157085,University of Kentucky,3,pending,,
149231,Southern Illinois University Edwardsville,3,pending,,
207388,Oklahoma State University-Main Campus,3,pending,,
139931,Georgia Southern University,3,pending,,
136172,University of North Florida,3,pending,,
166513,University of Massachusetts-Lowell,3,pending,,
220978,Middle Tennessee State University,3,pending,,
188030,New Mexico State University-Main Campus,3,pending,,
157447,Northern Kentucky University,3,pending,,
196042,Farmingdale State College,3,pending,,
153658,University of Iowa,3,pending,,
221759,The University of Tennessee-Knoxville,3,pending,,
100751,The University of Alabama,3,pending,,
110529,California State Polytechnic University-Pomona,3,pending,,
157401,Murray State University,3,pending,,
185590,Montclair State University,3,pending,,
100663,University of Alabama at Birmingham,3,pending,,
101480,Jacksonville State University,3,pending,,
157289,University of Louisville,3,pending,,
169248,Central Michigan University,3,pending,,
178402,University of Missouri-Kansas City,3,pending,,
220862,University of Memphis,3,pending,,
156082,Washburn University,3,pending,,
238032,West Virginia University,3,pending,,
226833,Midwestern State University,3,pending,,
176080,Mississippi State University,3,pending,,
155399,Kansas State University,3,pending,,
110574,California State University-East Bay,3,pending,,
178396,University of Missouri-Columbia,3,pending,,
178615,Truman State University,3,pending,,
106704,University of Central Arkansas,3,pending,,
490805,Purdue University Northwest,3,pending,,
170082,Grand Valley State University,3,pending,,
231624,William & Mary,3,pending,,
201690,Central State University,3,pending,,
201441,Bowling Green State University-Main Campus,3,pending,,
138354,University of West Florida,3,pending,,
229018,The University of Texas Permian Basin,3,pending,,
171571,Oakland University,3,pending,,
200253,Minot State University,3,pending,,
171137,University of Michigan-Dearborn,3,pending,,
225432,University of Houston-Downtown,3,pending,,
199281,University of North Carolina at Pembroke,3,pending,,
209551,University of Oregon,3,pending,,
176017,University of Mississippi,3,pending,,
216038,Slippery Rock University of Pennsylvania,3,pending,,
142276,Idaho State University,3,pending,,
479956,Pennsylvania State University-World Campus,3,pending,,
151111,Indiana University-Indianapolis,3,pending,,
222831,Angelo State University,3,pending,,
232982,Old Dominion University,3,pending,,
200800,University of Akron Main Campus,3,pending,,
204857,Ohio University-Main Campus,3,pending,,
160612,Southeastern Louisiana University,3,pending,,
161341,University of Maine at Presque Isle,3,pending,,
190558,College of Staten Island CUNY,3,pending,,
190691,CUNY York College,3,pending,,
147703,Northern Illinois University,3,pending,,
149772,Western Illinois University,3,pending,,
110592,California State University-Los Angeles,3,pending,,
240426,University of Wisconsin-Superior,3,pending,,
207041,East Central University,3,pending,,
240268,University of Wisconsin-Eau Claire,3,pending,,
186399,Rutgers University-Newark,3,pending,,
217882,Clemson University,3,pending,,
207263,Northeastern State University,3,pending,,
482680,University of North Georgia,3,pending,,
181783,Wayne State College,3,pending,,
181215,University of Nebraska at Kearney,3,pending,,
214801,Pennsylvania State University-Penn State Abington,3,pending,,
220075,East Tennessee State University,3,pending,,
228802,The University of Texas at Tyler,3,pending,,
178411,Missouri University of Science and Technology,3,pending,,
200004,Western Carolina University,3,pending,,
187444,William Paterson University of New Jersey,3,pending,,
110510,California State University-San Bernardino,3,pending,,
240417,University of Wisconsin-Stout,3,pending,,
182290,University of Nevada-Reno,3,pending,,
162584,Frostburg State University,3,pending,,
219602,Austin Peay State University,3,pending,,
161253,University of Maine,3,pending,,
199148,University of North Carolina at Greensboro,3,pending,,
150136,Ball State University,3,pending,,
221847,Tennessee Technological University,3,pending,,
172051,Saginaw Valley State University,3,pending,,
234827,Central Washington University,3,pending,,
198464,East Carolina University,3,pending,,
110422,California Polytechnic State University-San Luis Obispo,3,pending,,
377555,University of Washington-Bothell Campus,3,pending,,
145813,Illinois State University,3,pending,,
214591,Pennsylvania State University-Penn State Erie-Behrend College,3,pending,,
151102,Purdue University Fort Wayne,3,pending,,
167729,Salem State University,3,pending,,
164076,Towson University,3,pending,,
436836,University of Connecticut-Stamford,3,pending,,
126775,Colorado School of Mines,3,pending,,
199218,University of North Carolina Wilmington,3,pending,,
106245,University of Arkansas at Little Rock,3,pending,,
110538,California State University-Chico,3,pending,,
178341,Missouri Southern State University,3,pending,,
196194,State University of New York at Oswego,3,pending,,
174358,Minnesota State University Moorhead,3,pending,,
240727,University of Wyoming,3,pending,,
240277,University of Wisconsin-Green Bay,3,pending,,
149222,Southern Illinois University-Carbondale,3,pending,,
100654,Alabama A & M University,3,pending,,
128771,Central Connecticut State University,3,pending,,
240365,University of Wisconsin-Oshkosh,3,pending,,
230728,Utah State University,3,pending,,
482158,Middle Georgia State University,3,pending,,
232423,James Madison University,3,pending,,
196237,SUNY Old Westbury,3,pending,,
196246,State University of New York at Plattsburgh,3,pending,,
224147,Texas A & M University-Corpus Christi,3,pending,,
178624,Northwest Missouri State University,3,pending,,
227526,Prairie View A & M University,3,pending,,
219082,Dakota State University,3,pending,,
231174,University of Vermont,3,pending,,
178420,University of Missouri-St Louis,3,pending,,
157386,Morehead State University,3,pending,,
160038,Northwestern State University of Louisiana,3,pending,,
227881,Sam Houston State University,3,pending,,
366711,California State University-San Marcos,3,pending,,
102553,University of Alaska Anchorage,3,pending,,
100830,Auburn University at Montgomery,3,pending,,
217484,University of Rhode Island,3,pending,,
142115,Boise State University,3,pending,,
180461,Montana State University,3,pending,,
176965,University of Central Missouri,3,pending,,
262129,New College of Florida,3,pending,,
177940,Lincoln University,3,pending,,
110486,California State University-Bakersfield,3,pending,,
221838,Tennessee State University,3,pending,,
243665,University of the Virgin Islands,3,pending,,
196121,SUNY Brockport,3,pending,,
170639,Lake Superior State University,3,pending,,
214689,Pennsylvania State University-Penn State Altoona,3,pending,,
110547,California State University-Dominguez Hills,3,pending,,
144892,Eastern Illinois University,3,pending,,
175078,Southwest Minnesota State University,3,pending,,
229814,West Texas A & M University,3,pending,,
102094,University of South Alabama,3,pending,,
159416,Louisiana State University-Shreveport,3,pending,,
498571,Pennsylvania Western University,3,pending,,
217819,College of Charleston,3,pending,,
237950,West Virginia University Institute of Technology,3,pending,,
229179,Texas Woman's University,3,pending,,
183044,University of New Hampshire-Main Campus,3,pending,,
141334,University of West Georgia,3,pending,,
187648,Eastern New Mexico University-Main Campus,3,pending,,
141565,University of Hawaii at Hilo,3,pending,,
127565,Metropolitan State University of Denver,3,pending,,
159966,Nicholls State University,3,pending,,
232681,University of Mary Washington,3,pending,,
130934,Delaware State University,3,pending,,
169910,Ferris State University,3,pending,,
175272,Winona State University,3,pending,,
151324,Indiana State University,3,pending,,
237011,Western Washington University,3,pending,,
204006,Miami University-Hamilton,3,pending,,
218724,Coastal Carolina University,3,pending,,
167987,University of Massachusetts-Dartmouth,3,pending,,
197869,Appalachian State University,3,pending,,
409698,California State University-Monterey Bay,3,pending,,
185129,New Jersey City University,3,pending,,
159939,University of New Orleans,3,pending,,
224545,Texas A&M University-Texarkana,3,pending,,
186371,Rutgers University-Camden,3,pending,,
154095,University of Northern Iowa,3,pending,,
174233,University of Minnesota-Duluth,3,pending,,
174020,Metropolitan State University,3,pending,,
175616,Delta State University,3,pending,,
100724,Alabama State University,3,pending,,
186876,Stockton University,3,pending,,
218229,Lander University,3,pending,,
237525,Marshall University,3,pending,,
200332,North Dakota State University-Main Campus,3,pending,,
214041,Millersville University of Pennsylvania,3,pending,,
482149,Augusta University,3,pending,,
175856,Jackson State University,3,pending,,
101709,University of Montevallo,3,pending,,
156620,Eastern Kentucky University,3,pending,,
160658,University of Louisiana at Lafayette,3,pending,,
141264,Valdosta State University,3,pending,,
218061,Francis Marion University,3,pending,,
228529,Tarleton State University,3,pending,,
155025,Emporia State University,3,pending,,
226091,Lamar University,3,pending,,
190646,CUNY Medgar Evers College,3,pending,,
162007,Bowie State University,3,pending,,
162283,Coppin State University,3,pending,,
198543,Fayetteville State University,3,pending,,
168430,Worcester State University,3,pending,,
161235,University of Maine at Fort Kent,3,pending,,
188304,Western New Mexico University,3,pending,,
174075,University of Minnesota-Crookston,3,pending,,
148654,University of Illinois Springfield,3,pending,,
228431,Stephen F Austin State University,3,pending,,
139366,Columbus State University,3,pending,,
225502,Texas A&M University-Victoria,3,pending,,
220701,The University of Tennessee Southern,3,pending,,
157951,Western Kentucky University,3,pending,,
126580,University of Colorado Colorado Springs,3,pending,,
100706,University of Alabama in Huntsville,3,pending,,
377564,University of Washington-Tacoma Campus,3,pending,,
127741,University of Northern Colorado,3,pending,,
207865,Southwestern Oklahoma State University,3,pending,,
228705,Texas A&M University-Kingsville,3,pending,,
214704,Pennsylvania State University-Penn State Berks,3,pending,,
155681,Pittsburg State University,3,pending,,
207722,University of Science and Arts of Oklahoma,3,pending,,
218964,Winthrop University,3,pending,,
229063,Texas Southern University,3,pending,,
161554,University of Southern Maine,3,pending,,
207351,Oklahoma Panhandle State University,3,pending,,
171128,Michigan Technological University,3,pending,,
221740,The University of Tennessee-Chattanooga,3,pending,,
240329,University of Wisconsin-La Crosse,3,pending,,
196176,State University of New York at New Paltz,3,pending,,
206914,Cameron University,3,pending,,
166674,Massachusetts College of Art and Design,3,pending,,
171456,Northern Michigan University,3,pending,,
151342,Indiana University-South Bend,3,pending,,
213020,Indiana University of Pennsylvania,3,pending,,
163338,University of Maryland Eastern Shore,3,pending,,
101587,University of West Alabama,3,pending,,
128106,Colorado State University Pueblo,3,pending,,
207661,Rogers State University,3,pending,,
237899,West Virginia State University,3,pending,,
177551,Harris-Stowe State University,3,pending,,
218742,University of South Carolina-Upstate,3,pending,,
139463,Dalton State College,3,pending,,
197036,United States Military Academy,3,pending,,
233277,Radford University,3,pending,,
196219,SUNY at Purchase College,3,pending,,
205443,Shawnee State University,3,pending,,
218645,University of South Carolina Aiken,3,pending,,
128328,United States Air Force Academy,3,pending,,
164155,United States Naval Academy,3,pending,,
237330,Concord University,3,pending,,
199102,North Carolina A & T State University,3,pending,,
139311,Clayton  State University,3,pending,,
240374,University of Wisconsin-Parkside,3,pending,,
145336,Governors State University,3,pending,,
225414,University of Houston-Clear Lake,3,pending,,
140960,Savannah State University,3,pending,,
199111,University of North Carolina Asheville,3,pending,,
180179,Montana State University Billings,3,pending,,
190576,CUNY Graduate School and University Center,3,pending,,
234155,Virginia State University,3,pending,,
159382,Louisiana State University at Alexandria,3,pending,,
130493,Southern Connecticut State University,3,pending,,
207847,Southeastern Oklahoma State University,3,pending,,
165024,Bridgewater State University,3,pending,,
183080,Plymouth State University,3,pending,,
173124,Bemidji State University,3,pending,,
147776,Northeastern Illinois University,3,pending,,
106412,University of Arkansas at Pine Bluff,3,pending,,
237385,Glenville State University,3,pending,,
196130,SUNY Buffalo State University,3,pending,,
232566,Longwood University,3,pending,,
142328,Lewis-Clark State College,3,pending,,
171146,University of Michigan-Flint,3,pending,,
196264,Empire State University,3,pending,,
180489,The University of Montana,3,pending,,
237932,West Liberty University,3,pending,,
165866,Framingham State University,3,pending,,
441937,California State University-Channel Islands,3,pending,,
482936,Florida Polytechnic University,3,pending,,
196158,SUNY at Fredonia,3,pending,,
151388,Indiana University-East,3,pending,,
187897,New Mexico Highlands University,3,pending,,
102614,University of Alaska Fairbanks,3,pending,,
144005,Chicago State University,3,pending,,
110495,California State University-Stanislaus,3,pending,,
445188,University of California-Merced,3,pending,,
174251,University of Minnesota-Morris,3,pending,,
186201,Ramapo College of New Jersey,3,pending,,
196103,SUNY College of Environmental Science and Forestry,3,pending,,
163851,Salisbury University,3,pending,,
240471,University of Wisconsin-River Falls,3,pending,,
498562,Commonwealth University of Pennsylvania,3,pending,,
204015,Miami University-Middletown,3,pending,,
107983,Southern Arkansas University Main Campus,3,pending,,
163259,University of Maryland Baltimore,3,pending,,
218654,University of South Carolina Beaufort,3,pending,,
168263,Westfield State University,3,pending,,
216764,West Chester University of Pennsylvania,3,pending,,
240462,University of Wisconsin-Platteville,3,pending,,
235097,Eastern Washington University,3,pending,,
165820,Fitchburg State University,3,pending,,
210146,Southern Oregon University,3,pending,,
214829,Pennsylvania State University-Penn State York,3,pending,,
199184,University of North Carolina School of the Arts,3,pending,,
240189,University of Wisconsin-Whitewater,3,pending,,
216010,Shippensburg University of Pennsylvania,3,pending,,
463056,University of Connecticut-Hartford Campus,3,pending,,
107071,Henderson State University,3,pending,,
214731,Pennsylvania State University-Penn State Brandywine,3,pending,,
183822,Bloomfield College of Montclair State University,3,pending,,
215284,University of Pittsburgh-Johnstown,3,pending,,
139764,Georgia Southwestern State University,3,pending,,
213598,Lincoln University,3,pending,,
237367,Fairmont State University,3,pending,,
187967,New Mexico Institute of Mining and Technology,3,pending,,
130624,United States Coast Guard Academy,3,pending,,
215266,University of Pittsburgh-Bradford,3,pending,,
180948,Chadron State College,3,pending,,
199999,Winston-Salem State University,3,pending,,
234085,Virginia Military Institute,3,pending,,
212115,East Stroudsburg University of Pennsylvania,3,pending,,
221768,The University of Tennessee-Martin,3,pending,,
139861,Georgia College & State University,3,pending,,
459949,Texas A&M University-San Antonio,3,pending,,
200572,Valley City State University,3,pending,,
219259,Northern State University,3,pending,,
219046,Black Hills State University,3,pending,,
219347,South Dakota School of Mines and Technology,3,pending,,
196112,SUNY Polytechnic Institute,3,pending,,
207306,Northwestern Oklahoma State University,3,pending,,
161217,University of Maine at Augusta,3,pending,,
181534,Peru State College,3,pending,,
138558,Abraham Baldwin Agricultural College,3,pending,,
183062,Keene State College,3,pending,,
178387,Missouri Western State University,3,pending,,
199157,North Carolina Central University,3,pending,,
240480,University of Wisconsin-Stevens Point,3,pending,,
196200,SUNY College at Potsdam,3,pending,,
123572,Sonoma State University,3,pending,,
237792,Shepherd University,3,pending,,
200059,Dickinson State University,3,pending,,
217864,Citadel Military College of South Carolina,3,pending,,
127185,Fort Lewis College,3,pending,,
130776,Western Connecticut State University,3,pending,,
128391,Western Colorado University,3,pending,,
198507,Elizabeth City State University,3,pending,,
175342,Alcorn State University,3,pending,,
215275,University of Pittsburgh-Greensburg,3,pending,,
209506,Oregon Institute of Technology,3,pending,,
484905,University of North Texas at Dallas,3,pending,,
166692,Massachusetts Maritime Academy,3,pending,,
210429,Western Oregon University,3,pending,,
160621,Southern University and A & M College,3,pending,,
157058,Kentucky State University,3,pending,,
180416,Montana Technological University,3,pending,,
200226,Mayville State University,3,pending,,
115755,California State Polytechnic University-Humboldt,3,pending,,
231712,Christopher Newport University,3,pending,,
436818,University of Connecticut-Waterbury Campus,3,pending,,
208646,Eastern Oregon University,3,pending,,
161873,University of Baltimore,3,pending,,
138716,Albany State University,3,pending,,
160630,Southern University at New Orleans,3,pending,,
214698,Pennsylvania State University-Penn State Beaver,3,pending,,
155061,Fort Hays State University,3,pending,,
176035,Mississippi University for Women,3,pending,,
416801,The University of Texas MD Anderson Cancer Center,3,pending,,
151333,Indiana University-Kokomo,3,pending,,
151379,Indiana University-Southeast,3,pending,,
141981,University of Hawaii-West Oahu,3,pending,,
214652,Pennsylvania State University-Penn State Scranton,3,pending,,
214670,Pennsylvania State University-Penn State Lehigh Valley,3,pending,,
151360,Indiana University-Northwest,3,pending,,
228501,Sul Ross State University,3,pending,,
181428,University of Nebraska Medical Center,3,pending,,
167288,Massachusetts College of Liberal Arts,3,pending,,
207342,University of Oklahoma-Health Sciences Center,3,pending,,
228653,The University of Texas Medical Branch at Galveston,3,pending,,
440828,Oregon State University-Cascades Campus,3,pending,,
106263,University of Arkansas for Medical Sciences,3,pending,,
129215,Eastern Connecticut State University,3,pending,,
196185,SUNY Oneonta,3,pending,,
214768,Pennsylvania State University-Penn State Hazleton,3,pending,,
139968,Gordon State College,3,pending,,
209490,Oregon Health & Science University,3,pending,,
126182,Adams State University,3,pending,,
161299,Maine Maritime Academy,3,pending,,
100812,Athens State University,3,pending,,
456959,University of Minnesota-Rochester,3,pending,,
487010,The University of Tennessee Health Science Center,3,pending,,
214795,Pennsylvania State University-Penn State Mont Alto,3,pending,,
243197,University of Puerto Rico-Mayaguez,3,pending,,
217420,Rhode Island College,3,pending,,
159373,Louisiana State University Health Sciences Center-New Orleans,3,pending,,
163912,St. Mary's College of Maryland,3,pending,,
214810,Pennsylvania State University-Penn State Schuylkill,3,pending,,
139719,Fort Valley State University,3,pending,,
214786,Pennsylvania State University-Penn State Greater Allegheny,3,pending,,
228644,The University of Texas Health Science Center at San Antonio,3,pending,,
214625,Pennsylvania State University-Penn State New Kensington,3,pending,,
180692,The University of Montana-Western,3,pending,,
206613,Wright State University-Lake Campus,3,pending,,
229300,The University of Texas Health Science Center at Houston,3,pending,,
240754,University of Guam,3,pending,,
183071,University of New Hampshire at Manchester,3,pending,,
204848,Ohio University-Lancaster Campus,3,pending,,
229337,Texas Tech University Health Sciences Center,3,pending,,
218733,South Carolina State University,3,pending,,
161226,University of Maine at Farmington,3,pending,,
196307,Upstate Medical University,3,pending,,
436827,University of Connecticut-Avery Point,3,pending,,
204671,Ohio State University-Lima Campus,3,pending,,
237215,Bluefield State University,3,pending,,
483036,Texas A&M University-Central Texas,3,pending,,
243179,University of Puerto Rico-Humacao,3,pending,,
214643,Pennsylvania State University-Penn State Wilkes-Barre,3,pending,,
218335,Medical University of South Carolina,3,pending,,
233897,University of Virginia's College at Wise,3,pending,,
235167,The Evergreen State College,3,pending,,
200846,University of Akron Wayne College,3,pending,,
228909,University of North Texas Health Science Center,3,pending,,
492689,Texas Tech University Health Scienes Center El Paso,3,pending,,
211608,Cheyney University of Pennsylvania,3,pending,,
214759,Pennsylvania State University-Penn State Fayette- Eberly,3,pending,,
435000,Louisiana State University Health Sciences Center-Shreveport,3,pending,,
180522,Montana State University-Northern,3,pending,,
204802,Ohio University-Eastern Campus,3,pending,,
176044,Mississippi Valley State University,3,pending,,
187745,Institute of American Indian and Alaska Native Culture and Arts Development,3,pending,,
214634,Pennsylvania State University-Penn State Shenango,3,pending,,
243221,University of Puerto Rico-Rio Piedras,3,pending,,
243212,University of Puerto Rico at Ponce,3,pending,,
243203,University of Puerto Rico-Medical Sciences,3,pending,,
243151,University of Puerto Rico at Cayey,3,pending,,
243142,University of Puerto Rico-Carolina,3,pending,,
243133,University of Puerto Rico,3,pending,,
243115,University of Puerto Rico-Arecibo,3,pending,,
243106,University of Puerto Rico-Aguadilla,3,pending,,
214740,Pennsylvania State University-Penn State DuBois,3,pending,,
