unit_id,school_name,type,name,description,amount,intl_eligible,url,date_checked,verified,check_status,check_date
156082,Washburn University,entrepreneurship_center,TODO: Luiz fills in,,,unknown,https://www.washburn.edu/academics/college-schools/business/entrepreneurship/,2026-09-26,no,failed,2026-09-26
130989,Goldey-Beacom College,merit_scholarship,Dr. Javed Gilani Scholarship,Renewable tuition award for full-time international students in an undergraduate business degree program; requires 3.0+ high school GPA,"$3,000/yr",yes,https://www.gbc.edu/admissions-aid/financial-aid/scholarships/,2026-09-26,no,auto-checked,2026-09-26
174783,Saint Cloud State University,merit_scholarship,Academic and Cultural Sharing Scholarship (ACSS),Provides resident tuition rates (~50% discount) to F-1/J-1 students maintaining 2.5 GPA; must complete two cultural sharing activities per semester,resident tuition rate,yes,https://www.stcloudstate.edu/internationalstudents/scholarships/acss.aspx,2026-09-26,no,auto-checked,2026-09-26
169479,Davenport University,merit_scholarship,International Merit Scholarship,Merit-based scholarship for eligible international students,"up to $10,000/yr",yes,https://www.davenport.edu/international,2026-09-26,no,auto-checked,2026-09-26
178721,Park University,merit_scholarship,International Elite Award,Merit scholarship for newly admitted freshman international students with 3.0+ GPA; Kansas City area transfer award also available,"$4,000-$6,500/yr",yes,https://www.park.edu/tuition-financial-aid/scholarships/international-student-scholarships/,2026-09-26,no,auto-checked,2026-09-26
149772,Western Illinois University,merit_scholarship,International Undergraduate Scholarship,"Merit scholarship for incoming international freshmen: $6,000/yr for 3.5+ GPA or $4,000/yr for 3.0-3.49 GPA; International Presidential Scholarship offers full tuition to top 6 students","$4,000-$6,000/yr",yes,https://www.wiu.edu/global_studies/scholarships.php,2026-09-26,no,auto-checked,2026-09-26
237932,West Liberty University,merit_scholarship,Elbin Scholarship,Top merit award for international students; requires 3.75+ GPA and ACT 27+,"$12,000/yr",yes,https://westliberty.edu/financial-aid/west-liberty-university-scholarships/,2026-09-26,no,auto-checked,2026-09-26
170976,University of Michigan,merit_scholarship,LSA International Student Scholarship,Merit and need-based scholarship for newly admitted international students in the College of Literature Science and the Arts; renewable 2-4 years,varies,yes,https://lsa.umich.edu/scholarships/prospective-students/international-students.html,2026-09-26,no,blocked,2026-09-26
164924,Boston College,merit_scholarship,Gabelli Presidential Scholars Program,Full-tuition merit scholarship awarded annually to 18 incoming freshmen; international students explicitly eligible,full tuition,yes,https://www.bc.edu/bc-web/academics/sites/gabelli-presidential-scholars-program.html,2026-09-26,no,failed,2026-09-26
199847,Wake Forest University,merit_scholarship,Merit Scholarships,International students eligible for most Wake Forest merit awards including full-cost Carswell Gordon Reynolds and Stamps Scholarships; no separate application required,varies (up to full cost),yes,https://admissions.wfu.edu/become-a-deacon/international/,2026-09-26,no,auto-checked,2026-09-26
211291,Bucknell University,merit_scholarship,International Student Merit Scholarships,Partial merit scholarships available to international students; limited and competitive,varies (partial),yes,https://www.bucknell.edu/admissions-aid/tuition-fees-financial-aid/apply-financial-aid/financial-aid-international-students,2026-09-26,no,auto-checked,2026-09-26
216597,Villanova University,merit_scholarship,Merit-Based Scholarships,International undergraduates may apply for merit scholarships after admission; reviewed throughout admissions cycle; typically one-time awards,varies,yes,https://www.villanova.edu/university/undergraduate-admission/Financial-Assistance-and-scholarship/merit-based-scholarships.html,2026-09-26,no,auto-checked,2026-09-26
213543,Lehigh University,merit_scholarship,Merit Scholarships,"International students eligible; range $5,000 to full tuition; no separate application required (holistic admissions review)","$5,000 to full tuition",yes,https://www2.lehigh.edu/admissions/international-students,2026-09-26,no,auto-checked,2026-09-26
122931,Santa Clara University,merit_scholarship,SCU Dean's Scholarship,Merit scholarship for which international first-year students are eligible for consideration; other merit awards restricted to U.S. citizens,varies,yes,https://www.scu.edu/financialaid/types-of-aid/scholarships-and-grants/merit-scholarships/,2026-09-26,no,auto-checked,2026-09-26
228246,Southern Methodist University,merit_scholarship,Academic Merit Scholarships,All applicants regardless of citizenship automatically considered for merit scholarships at admission; no separate application required,varies,yes,https://www.smu.edu/admission/apply/international,2026-09-26,no,auto-checked,2026-09-26
170976,University of Michigan,competition,Michigan Business Challenge,"Annual campuswide business plan and pitch competition hosted by the Zell Lurie Institute for Entrepreneurship at Ross; multi-round with up to $200,000 in prizes","up to $200,000",unknown,https://zli.umich.edu/program/michigan-business-challenge/,2026-09-26,no,blocked,2026-09-26
164924,Boston College,competition,Strakosch Venture Competition / Start@Shea,"Annual business plan competition ($10,000 first place) and startup competition ($10,000 equity-free); hosted by the Edmund H. Shea Jr. Center for Entrepreneurship","$10,000 first place",unknown,https://www.bc.edu/bc-web/schools/carroll-school/sites/shea-center/student-programs/start-shea.html,2026-09-26,no,auto-checked,2026-09-26
199847,Wake Forest University,competition,Elevator Competition / Deac Tank,Annual pitch competitions hosted by the Wake Forest Center for Entrepreneurship; cash prizes,varies,unknown,https://entrepreneurship.wfu.edu/,2026-09-26,no,auto-checked,2026-09-26
211291,Bucknell University,competition,BizPitch Competition,Annual business pitch competition led by the Perricelli-Gegnas Center for Entrepreneurship and Innovation; cash prizes for student entrepreneurs,varies,unknown,https://www.bucknell.edu/academics/beyond-classroom/bizpitch-competition,2026-09-26,no,auto-checked,2026-09-26
216597,Villanova University,competition,Villanova Student Entrepreneurship Competition,"Semester-long interdisciplinary pitch competition hosted by the Institute for Innovation and Entrepreneurship; Pitch Day finale with $10,000 top prize","$10,000 top prize",unknown,https://www.villanova.edu/university/institutes-centers/innovation-entrepreneurship/student-entrepreneurship-competition.html,2026-09-26,no,auto-checked,2026-09-26
213543,Lehigh University,competition,StartUp Lehigh Valley Pitch Competition,"Annual Shark Tank-style pitch competition sponsored by Lehigh University; open to all entrepreneurs; $20,000 grand prize","$20,000 grand prize",unknown,https://entrepreneurship.lehigh.edu/,2026-09-26,no,auto-checked,2026-09-26
122931,Santa Clara University,competition,Business Pitch Competition,Annual pitch competition hosted by the Ciocca Center for Innovation and Entrepreneurship; 3-minute pitches to investor panel for cash prizes,varies,unknown,https://www.scu.edu/cioccacenter/bronco-ventures/business-pitch-competition/,2026-09-26,no,auto-checked,2026-09-26
228246,Southern Methodist University,competition,Big iDeas Business Plan Competition,"Annual pitch competition for SMU undergraduates; 4-minute pitch for up to $5,000 in startup funds; separate 90-second pitch contest for up to $1,000","up to $5,000",unknown,https://www.smu.edu/provost/saes/academic-enrichment/engaged-learning/entrepreneurship/big-ideas,2026-09-26,no,auto-checked,2026-09-26
234076,University of Virginia,competition,Galant Challenge,Annual pitch and venture funding event hosted by the Galant Center for Innovation and Entrepreneurship at McIntire School of Commerce; open to UVA community founders,varies,unknown,https://www.commerce.virginia.edu/centers/galant/galant-challenge,2026-09-26,no,auto-checked,2026-09-26
490805,Purdue University Northwest,competition,PNW Big Sell,"Annual pitch competition hosted by PNW College of Business; open to students and community entrepreneurs; $10,000 first / $3,000 second / $1,000 third","$10,000 first place",unknown,https://www.pnw.edu/about-pnw/entrepreneurship/,2026-09-26,no,auto-checked,2026-09-26
220701,University of Tennessee Southern,entrepreneurship_center,NOVA Entrepreneur Center,Hub for innovation and small business development in southern Middle Tennessee; offers workshops mentorship and business development support,,unknown,https://utsouthern.edu/news/ut-southern-celebrates-launch-of-nova-entrepreneur-center/,2026-09-26,no,auto-checked,2026-09-26
